Site,Sampling Location Description,Location Number,QR Code,Sample Label,Date,CalendarYear,Season,WaterYear,WaterSeason,Lake/Dayton,SRP mg P/L,N0x mg N/L,Urea mg N/L,NH4 mg N/L,TN mg N/L,TP mg P/L,Water Depth (cm),Temp (°C),pH,DO mgL,DO (%Sat),Conductivity (µS/cm),Turbidity (FNU),Notes,Is the data in Survey123?,NOx/SRP Analysis Date,TN/TP Analysis Date,NH4+ Analysis Date,Urea Analysis Date,,,,,,,,,,,,,,,,,,,,,,,,,,,,,,,,,,,,,,,,,,,,,,,,,,,,,,,,,,,,,,,,,,,,,,,,,,,,,,,,,,,,,,,,,,,,,,,,,,,,,,,,,,
Spring Creek,North Pool (near SC connector),2,W01521,EE_W0001_2,9/20/2021,2021,Fall,2021,Summer,Dayton,0.0015,0.03,0.027,0.0139,1.1,0.12,,24.34,8.03,,187,508.5,101.3,No water flowing from Springcreek or GMR into wetland,Yes,2/16/2022,2/7/2022,9/24/2021,5/23/2022,,,,,,,,,,,,,,,,,,,,,,,,,,,,,,,,,,,,,,,,,,,,,,,,,,,,,,,,,,,,,,,,,,,,,,,,,,,,,,,,,,,,,,,,,,,,,,,,,,,,,,,,,,
Spring Creek,South Pool (near GMR connector),4,W01522,EE_W0002_4,9/20/2021,2021,Fall,2021,Summer,Dayton,0.0015,0.335,0.007,0.005,0.646,0.026,,24.38,8.07,,97.1,404,59.23,chl a = 308.86 ug/L,Yes,2/16/2022,2/7/2022,9/24/2021,5/23/2022,,,,,,,,,,,,,,,,,,,,,,,,,,,,,,,,,,,,,,,,,,,,,,,,,,,,,,,,,,,,,,,,,,,,,,,,,,,,,,,,,,,,,,,,,,,,,,,,,,,,,,,,,,
Spring Creek,Great Miami River (wetland inflow),5,W01523,EE_W0003_5,9/20/2021,2021,Fall,2021,Summer,Dayton,0.0015,0.06,0.01,0.005,1.115,0.147,,24.95,8.37,,81.3,364.1,72.94,chl a = 208.03 ug/L,Yes,2/16/2022,2/7/2022,9/24/2021,5/23/2022,,,,,,,,,,,,,,,,,,,,,,,,,,,,,,,,,,,,,,,,,,,,,,,,,,,,,,,,,,,,,,,,,,,,,,,,,,,,,,,,,,,,,,,,,,,,,,,,,,,,,,,,,,
Spring Creek,Springcreek (Upstream of SC conncetor),1,W01534,EE_W0007_1,10/18/2021,2021,Fall,2022,Fall,Dayton,0.003,1.618,0.001,0.005,1.62,0.024,,16.8,8.96,,101.6,326.7,38.8,spring creek not flowing into wetland,Yes,2/16/2022,,11/17/2021,5/24/2022,,,,,,,,,,,,,,,,,,,,,,,,,,,,,,,,,,,,,,,,,,,,,,,,,,,,,,,,,,,,,,,,,,,,,,,,,,,,,,,,,,,,,,,,,,,,,,,,,,,,,,,,,,
Spring Creek,North Pool (near SC connector),2,W01535,EE_W0008_2,10/18/2021,2021,Fall,2022,Fall,Dayton,0.014,1.456,0.01,0.005,1.585,0.02,,16.8,8.14,,137.3,497.2,17.8,,Yes,2/16/2022,,11/17/2021,5/24/2022,,,,,,,,,,,,,,,,,,,,,,,,,,,,,,,,,,,,,,,,,,,,,,,,,,,,,,,,,,,,,,,,,,,,,,,,,,,,,,,,,,,,,,,,,,,,,,,,,,,,,,,,,,
Spring Creek,Connecting Channel,3,W01536,EE_W0006_3,10/18/2021,2021,Fall,2022,Fall,Dayton,0.032,0.078,0.011,0.005,0.493,0.074,,18,9.95,,205.8,198.4,90.8,Small stagnant pool -- No flow between North and South Pools,Yes,2/16/2022,,11/17/2021,5/24/2022,,,,,,,,,,,,,,,,,,,,,,,,,,,,,,,,,,,,,,,,,,,,,,,,,,,,,,,,,,,,,,,,,,,,,,,,,,,,,,,,,,,,,,,,,,,,,,,,,,,,,,,,,,
Spring Creek,South Pool (near GMR connector),4,W01537,EE_W0005_4,10/18/2021,2021,Fall,2022,Fall,Dayton,0.0015,0.945,0.007,0.005,2.857,0.021,,13.4,8.4,,100.7,663,1.43,No water flowing from Springcreek or GMR into wetland,Yes,2/16/2022,,11/17/2021,5/24/2022,,,,,,,,,,,,,,,,,,,,,,,,,,,,,,,,,,,,,,,,,,,,,,,,,,,,,,,,,,,,,,,,,,,,,,,,,,,,,,,,,,,,,,,,,,,,,,,,,,,,,,,,,,
Spring Creek,Great Miami River (wetland inflow),5,W01538,EE_W0004_5,10/18/2021,2021,Fall,2022,Fall,Dayton,0.0015,0.03,0.008,0.005,0.367,0.039,,16.9,7.9,,118.3,601,5.7,,Yes,2/16/2022,,11/17/2021,5/24/2022,,,,,,,,,,,,,,,,,,,,,,,,,,,,,,,,,,,,,,,,,,,,,,,,,,,,,,,,,,,,,,,,,,,,,,,,,,,,,,,,,,,,,,,,,,,,,,,,,,,,,,,,,,
Spring Creek,Springcreek (Upstream of SC conncetor),1,W01544,EE_W0009_1,10/25/2021,2021,Fall,2022,Fall,Dayton,0.177,5.357,0.029,0.005,6.376,0.225,,,,,,367,,High flow but not flowing into wetland; forgot sonde at lab; cond. measured back at lab,Yes,2/16/2022,,11/17/2021,5/24/2022,,,,,,,,,,,,,,,,,,,,,,,,,,,,,,,,,,,,,,,,,,,,,,,,,,,,,,,,,,,,,,,,,,,,,,,,,,,,,,,,,,,,,,,,,,,,,,,,,,,,,,,,,,
Spring Creek,North Pool (near SC connector),2,W01545,EE_W0010_2,10/25/2021,2021,Fall,2022,Fall,Dayton,0.0015,1.762,0.009,0.005,1.814,0.028,,,,,,460,,forgot sonde at lab; cond. measured back at lab,Yes,2/16/2022,,11/17/2021,5/24/2022,,,,,,,,,,,,,,,,,,,,,,,,,,,,,,,,,,,,,,,,,,,,,,,,,,,,,,,,,,,,,,,,,,,,,,,,,,,,,,,,,,,,,,,,,,,,,,,,,,,,,,,,,,
Spring Creek,Connecting Channel,3,W01546,EE_W0011_3,10/25/2021,2021,Fall,2022,Fall,Dayton,0.0015,1.69,0.006,0.005,1.7,0.043,,,,,,518,,North Pool flowing into South Pool; forgot sonde at lab; cond. measured back at lab,Yes,2/16/2022,,11/17/2021,5/24/2022,,,,,,,,,,,,,,,,,,,,,,,,,,,,,,,,,,,,,,,,,,,,,,,,,,,,,,,,,,,,,,,,,,,,,,,,,,,,,,,,,,,,,,,,,,,,,,,,,,,,,,,,,,
Spring Creek,South Pool (near GMR connector),4,W01547,EE_W0012_4,10/25/2021,2021,Fall,2022,Fall,Dayton,0.0015,1.274,0.008,0.0335,1.275,0.022,,,,,,503,,forgot sonde at lab; cond. measured back at lab,Yes,2/16/2022,,11/17/2021,5/24/2022,,,,,,,,,,,,,,,,,,,,,,,,,,,,,,,,,,,,,,,,,,,,,,,,,,,,,,,,,,,,,,,,,,,,,,,,,,,,,,,,,,,,,,,,,,,,,,,,,,,,,,,,,,
Spring Creek,Great Miami River (wetland inflow),5,W01548,EE_W0013_5,10/25/2021,2021,Fall,2022,Fall,Dayton,0.18,5.432,0.024,0.0148,5.498,0.224,,,,,,338,,High flow but not flowing into wetland; forgot sonde at lab; cond. measured back at lab,Yes,2/16/2022,,11/17/2021,5/24/2022,,,,,,,,,,,,,,,,,,,,,,,,,,,,,,,,,,,,,,,,,,,,,,,,,,,,,,,,,,,,,,,,,,,,,,,,,,,,,,,,,,,,,,,,,,,,,,,,,,,,,,,,,,
Spring Creek,Great Miami River (upstream at covered bridge),6,W01549,EE_W0014_6,10/25/2021,2021,Fall,2022,Fall,Dayton,0.089,5.423,0.032,0.0423,6.095,0.255,,,,,,448,,forgot sonde at lab; cond. measured back at lab,Yes,2/16/2022,,11/17/2021,5/24/2022,,,,,,,,,,,,,,,,,,,,,,,,,,,,,,,,,,,,,,,,,,,,,,,,,,,,,,,,,,,,,,,,,,,,,,,,,,,,,,,,,,,,,,,,,,,,,,,,,,,,,,,,,,
Spring Creek,Springcreek (Upstream of SC conncetor),1,W01550,EE_W0015_1,10/26/2021,2021,Fall,2022,Fall,Dayton,0.065,6.282,0.029,0.005,7.897,0.146,,12.6,8.07,,95.6,430.4,33.03,High flow but not flowing into wetland - Looks like it did overflow into wetland overnight/early morning,Yes,2/16/2022,,11/17/2021,5/24/2022,,,,,,,,,,,,,,,,,,,,,,,,,,,,,,,,,,,,,,,,,,,,,,,,,,,,,,,,,,,,,,,,,,,,,,,,,,,,,,,,,,,,,,,,,,,,,,,,,,,,,,,,,,
Spring Creek,North Pool (near SC connector),2,W01551,EE_W0016_2,10/26/2021,2021,Fall,2022,Fall,Dayton,0.0015,1.716,0.006,0.005,1.72,0.022,,14.1,7.98,,95.9,547,10.68,Water level up,Yes,2/16/2022,,11/17/2021,5/24/2022,,,,,,,,,,,,,,,,,,,,,,,,,,,,,,,,,,,,,,,,,,,,,,,,,,,,,,,,,,,,,,,,,,,,,,,,,,,,,,,,,,,,,,,,,,,,,,,,,,,,,,,,,,
Spring Creek,Connecting Channel,3,W01552,EE_W0017_3,10/26/2021,2021,Fall,2022,Fall,Dayton,0.0015,1.705,0.008,0.005,1.71,0.024,,14,7.98,,89.8,545,13.92,North Pool flowing into South Pool,Yes,2/16/2022,,11/17/2021,5/24/2022,,,,,,,,,,,,,,,,,,,,,,,,,,,,,,,,,,,,,,,,,,,,,,,,,,,,,,,,,,,,,,,,,,,,,,,,,,,,,,,,,,,,,,,,,,,,,,,,,,,,,,,,,,
Spring Creek,South Pool (near GMR connector),4,W01553,EE_W0018_4,10/26/2021,2021,Fall,2022,Fall,Dayton,0.0015,1.661,0.005,0.027,1.898,0.019,,13.4,7.83,,80.9,536,19.81,Water level up - probably groundwater connection to river because GMR never overflowed into wetland,Yes,2/16/2022,,11/17/2021,5/24/2022,,,,,,,,,,,,,,,,,,,,,,,,,,,,,,,,,,,,,,,,,,,,,,,,,,,,,,,,,,,,,,,,,,,,,,,,,,,,,,,,,,,,,,,,,,,,,,,,,,,,,,,,,,
Spring Creek,Great Miami River (wetland inflow),5,W01554,EE_W0019_5,10/26/2021,2021,Fall,2022,Fall,Dayton,0.105,7.366,0.025,0.0346,8.328,0.211,,13.3,7.96,,89.8,433.4,95.64,High flow but not flowing into wetland,Yes,2/16/2022,,11/17/2021,5/24/2022,,,,,,,,,,,,,,,,,,,,,,,,,,,,,,,,,,,,,,,,,,,,,,,,,,,,,,,,,,,,,,,,,,,,,,,,,,,,,,,,,,,,,,,,,,,,,,,,,,,,,,,,,,
Spring Creek,Great Miami River (upstream at covered bridge),6,W01555,EE_W0020_6,10/26/2021,2021,Fall,2022,Fall,Dayton,0.131,7.97,0.028,0.0524,9.343,0.252,,13.7,7.9,,87.7,435.1,116.48,,Yes,2/16/2022,,11/17/2021,5/24/2022,,,,,,,,,,,,,,,,,,,,,,,,,,,,,,,,,,,,,,,,,,,,,,,,,,,,,,,,,,,,,,,,,,,,,,,,,,,,,,,,,,,,,,,,,,,,,,,,,,,,,,,,,,
Spring Creek,Springcreek (Upstream of SC conncetor),1,W01561,EE_W0021_1,11/8/2021,2021,Fall,2022,Fall,Dayton,0.008,3.851,0.011,0.005,3.893,0.035,,10.3,8.6,,101,670,2,Not flowing into wetland,Yes,2/16/2022,,11/17/2021,5/24/2022,,,,,,,,,,,,,,,,,,,,,,,,,,,,,,,,,,,,,,,,,,,,,,,,,,,,,,,,,,,,,,,,,,,,,,,,,,,,,,,,,,,,,,,,,,,,,,,,,,,,,,,,,,
Spring Creek,North Pool (near SC connector),2,W01562,EE_W0022_2,11/8/2021,2021,Fall,2022,Fall,Dayton,0.0015,2.868,0.014,0.005,2.868,0.075,,12.8,8.2,,115,576,3.1,,Yes,2/16/2022,,11/17/2021,5/24/2022,,,,,,,,,,,,,,,,,,,,,,,,,,,,,,,,,,,,,,,,,,,,,,,,,,,,,,,,,,,,,,,,,,,,,,,,,,,,,,,,,,,,,,,,,,,,,,,,,,,,,,,,,,
Spring Creek,Connecting Channel,3,W01563,EE_W0023_3,11/8/2021,2021,Fall,2022,Fall,Dayton,0.004,2.724,0.009,0.005,2.756,0.005,,12.6,8.3,,119,560,2.4,,Yes,2/16/2022,,11/17/2021,5/24/2022,,,,,,,,,,,,,,,,,,,,,,,,,,,,,,,,,,,,,,,,,,,,,,,,,,,,,,,,,,,,,,,,,,,,,,,,,,,,,,,,,,,,,,,,,,,,,,,,,,,,,,,,,,
Spring Creek,South Pool (near GMR connector),4,W01564,EE_W0024_4,11/8/2021,2021,Fall,2022,Fall,Dayton,0.0015,1.211,0.019,0.005,5.623,0.017,,12.7,8.4,,130,536,4.5,,Yes,2/16/2022,,11/17/2021,5/24/2022,,,,,,,,,,,,,,,,,,,,,,,,,,,,,,,,,,,,,,,,,,,,,,,,,,,,,,,,,,,,,,,,,,,,,,,,,,,,,,,,,,,,,,,,,,,,,,,,,,,,,,,,,,
Spring Creek,Great Miami River (wetland inflow),5,W01565,EE_W0025_5,11/8/2021,2021,Fall,2022,Fall,Dayton,0.033,3.676,0.05,0.0025,3.739,0.097,,10.1,8.4,,100,673,4.6,Not flowing into wetland,Yes,2/16/2022,,11/17/2021,5/24/2022,,,,,,,,,,,,,,,,,,,,,,,,,,,,,,,,,,,,,,,,,,,,,,,,,,,,,,,,,,,,,,,,,,,,,,,,,,,,,,,,,,,,,,,,,,,,,,,,,,,,,,,,,,
Spring Creek,Great Miami River (upstream at covered bridge),6,W01566,EE_W0026_6,11/8/2021,2021,Fall,2022,Fall,Dayton,0.038,3.535,0.039,0.0102,3.56,0.104,,9.8,8.48,,99.7,684,4.24,,Yes,2/16/2022,,11/17/2021,5/24/2022,,,,,,,,,,,,,,,,,,,,,,,,,,,,,,,,,,,,,,,,,,,,,,,,,,,,,,,,,,,,,,,,,,,,,,,,,,,,,,,,,,,,,,,,,,,,,,,,,,,,,,,,,,
Spring Creek,Springcreek (Upstream of SC conncetor),1,W01572,EE_W0027_1,12/2/2021,2021,Fall,2022,Fall,Dayton,0.003,3.407,0.006,0.005,3.881,0.005,,6.8,8.32,,108.7,677,1.15,,Yes,2/16/2022,,10/11/2022,5/24/2022,,,,,,,,,,,,,,,,,,,,,,,,,,,,,,,,,,,,,,,,,,,,,,,,,,,,,,,,,,,,,,,,,,,,,,,,,,,,,,,,,,,,,,,,,,,,,,,,,,,,,,,,,,
Spring Creek,North Pool (near SC connector),2,W01573,EE_W0028_2,12/2/2021,2021,Fall,2022,Fall,Dayton,0.0015,2.954,0.005,0.005,3.327,0.005,,7.1,8.39,,109.8,543.5,1.93,,Yes,2/16/2022,,10/11/2022,5/24/2022,,,,,,,,,,,,,,,,,,,,,,,,,,,,,,,,,,,,,,,,,,,,,,,,,,,,,,,,,,,,,,,,,,,,,,,,,,,,,,,,,,,,,,,,,,,,,,,,,,,,,,,,,,
Spring Creek,Connecting Channel,3,W01574,EE_W0024_3,12/2/2021,2021,Fall,2022,Fall,Dayton,0.0015,1.897,0.009,0.005,2.649,0.016,,7.4,8.67,,134.3,434.8,4.86,No flow between pools,Yes,2/16/2022,,10/11/2022,5/24/2022,,,,,,,,,,,,,,,,,,,,,,,,,,,,,,,,,,,,,,,,,,,,,,,,,,,,,,,,,,,,,,,,,,,,,,,,,,,,,,,,,,,,,,,,,,,,,,,,,,,,,,,,,,
Spring Creek,South Pool (near GMR connector),4,W01575,EE_W0030_4,12/2/2021,2021,Fall,2022,Fall,Dayton,0.02,1.24,0.005,0.004,1.351,0.021,,6.8,8.09,,108.2,537,3.98,,Yes,2/16/2022,,10/11/2022,5/24/2022,,,,,,,,,,,,,,,,,,,,,,,,,,,,,,,,,,,,,,,,,,,,,,,,,,,,,,,,,,,,,,,,,,,,,,,,,,,,,,,,,,,,,,,,,,,,,,,,,,,,,,,,,,
Spring Creek,Great Miami River (wetland inflow),5,W01576,EE_W0031_5,12/2/2021,2021,Fall,2022,Fall,Dayton,0.01,2.634,0.007,0.005,3.359,0.056,,6.2,8.2,,104,711,2.45,,Yes,2/16/2022,,10/11/2022,5/24/2022,,,,,,,,,,,,,,,,,,,,,,,,,,,,,,,,,,,,,,,,,,,,,,,,,,,,,,,,,,,,,,,,,,,,,,,,,,,,,,,,,,,,,,,,,,,,,,,,,,,,,,,,,,
Spring Creek,Great Miami River (upstream at covered bridge),6,W01577,EE_W0032_6,12/2/2021,2021,Fall,2022,Fall,Dayton,0.016,2.365,0.009,0.001,3.055,0.064,,5.9,8.7,,108.6,715,2.54,,Yes,2/16/2022,,10/11/2022,5/24/2022,,,,,,,,,,,,,,,,,,,,,,,,,,,,,,,,,,,,,,,,,,,,,,,,,,,,,,,,,,,,,,,,,,,,,,,,,,,,,,,,,,,,,,,,,,,,,,,,,,,,,,,,,,
Spring Creek,Springcreek (Upstream of SC conncetor),1,W01583,EE_W0033_1,12/20/2021,2021,Winter,2022,Fall,Dayton,0.003,5.464,0.015,0.008,5.938,0.029,,5.4,8.54,,127,631,4.1,,Yes,2/16/2022,,10/11/2022,5/24/2022,,,,,,,,,,,,,,,,,,,,,,,,,,,,,,,,,,,,,,,,,,,,,,,,,,,,,,,,,,,,,,,,,,,,,,,,,,,,,,,,,,,,,,,,,,,,,,,,,,,,,,,,,,
Spring Creek,North Pool (near SC connector),2,W01584,EE_W0034_2,12/20/2021,2021,Winter,2022,Fall,Dayton,0.0015,2.883,0.011,0.007,3.243,0.005,,6.3,8.36,,114,598,2.51,,Yes,2/16/2022,,10/11/2022,5/24/2022,,,,,,,,,,,,,,,,,,,,,,,,,,,,,,,,,,,,,,,,,,,,,,,,,,,,,,,,,,,,,,,,,,,,,,,,,,,,,,,,,,,,,,,,,,,,,,,,,,,,,,,,,,
Spring Creek,Connecting Channel,3,W01585,EE_W0035_3,12/20/2021,2021,Winter,2022,Fall,Dayton,0.097,2.88,0.006,0.006,3.242,0.1,,5.8,8.4,,111,543,2,,Yes,2/16/2022,,10/11/2022,5/24/2022,,,,,,,,,,,,,,,,,,,,,,,,,,,,,,,,,,,,,,,,,,,,,,,,,,,,,,,,,,,,,,,,,,,,,,,,,,,,,,,,,,,,,,,,,,,,,,,,,,,,,,,,,,
Spring Creek,South Pool (near GMR connector),4,W01586,EE_W0036_4,12/20/2021,2021,Winter,2022,Fall,Dayton,0.0015,1.69,0.013,0.011,1.768,0.01,,5.6,8.5,,109,531,4.9,,Yes,2/16/2022,,10/11/2022,5/24/2022,,,,,,,,,,,,,,,,,,,,,,,,,,,,,,,,,,,,,,,,,,,,,,,,,,,,,,,,,,,,,,,,,,,,,,,,,,,,,,,,,,,,,,,,,,,,,,,,,,,,,,,,,,
Spring Creek,Great Miami River (wetland inflow),5,W01587,EE_W0037_5,12/20/2021,2021,Winter,2022,Fall,Dayton,0.024,4.975,0.028,0.048,6.452,0.152,,5.2,8.43,,102,577,42,,Yes,2/16/2022,,10/11/2022,5/24/2022,,,,,,,,,,,,,,,,,,,,,,,,,,,,,,,,,,,,,,,,,,,,,,,,,,,,,,,,,,,,,,,,,,,,,,,,,,,,,,,,,,,,,,,,,,,,,,,,,,,,,,,,,,
Spring Creek,Great Miami River (upstream at covered bridge),6,W01588,EE_W0038_6,12/20/2021,2021,Winter,2022,Fall,Dayton,0.038,4.872,0.025,0.07,7.059,0.211,,5.3,8.44,,96.6,543,60,,Yes,2/16/2022,,10/11/2022,5/24/2022,,,,,,,,,,,,,,,,,,,,,,,,,,,,,,,,,,,,,,,,,,,,,,,,,,,,,,,,,,,,,,,,,,,,,,,,,,,,,,,,,,,,,,,,,,,,,,,,,,,,,,,,,,
Spring Creek,Springcreek (Upstream of SC conncetor),1,W01589,EE_W0039_1,1/3/2022,2022,Winter,2022,Winter,Dayton,0.014,4.55,0.012,0.015,5.115,0.139,,4,8.19,,101.6,457.8,31.5,high flow; overflowed into wetland night before,Yes,2/16/2022,2/7/2022,10/11/2022,5/24/2022,,,,,,,,,,,,,,,,,,,,,,,,,,,,,,,,,,,,,,,,,,,,,,,,,,,,,,,,,,,,,,,,,,,,,,,,,,,,,,,,,,,,,,,,,,,,,,,,,,,,,,,,,,
Spring Creek,North Pool (near SC connector),2,W01590,EE_W0040_2,1/3/2022,2022,Winter,2022,Winter,Dayton,0.012,2.601,0.013,0.024,3.367,0.128,,6,7.91,,72.4,440.8,46.5,,Yes,2/16/2022,2/7/2022,10/11/2022,5/24/2022,,,,,,,,,,,,,,,,,,,,,,,,,,,,,,,,,,,,,,,,,,,,,,,,,,,,,,,,,,,,,,,,,,,,,,,,,,,,,,,,,,,,,,,,,,,,,,,,,,,,,,,,,,
Spring Creek,Connecting Channel,3,W01591,EE_W0041_3,1/3/2022,2022,Winter,2022,Winter,Dayton,0.021,3.168,0.019,0.02,3.079,0.129,,5.1,8.13,,78,397.4,93,deep; fully connecting N and S pools,Yes,2/16/2022,2/7/2022,10/11/2022,5/24/2022,,,,,,,,,,,,,,,,,,,,,,,,,,,,,,,,,,,,,,,,,,,,,,,,,,,,,,,,,,,,,,,,,,,,,,,,,,,,,,,,,,,,,,,,,,,,,,,,,,,,,,,,,,
Spring Creek,South Pool (near GMR connector),4,W01592,EE_W0042_4,1/3/2022,2022,Winter,2022,Winter,Dayton,0.06,2.91,0.021,0.037,3.827,0.258,,5.7,8.09,,85.6,337.3,126.5,"*2,3, and 4 are basically one large pool due to high water level",Yes,2/16/2022,2/7/2022,10/11/2022,5/24/2022,,,,,,,,,,,,,,,,,,,,,,,,,,,,,,,,,,,,,,,,,,,,,,,,,,,,,,,,,,,,,,,,,,,,,,,,,,,,,,,,,,,,,,,,,,,,,,,,,,,,,,,,,,
Spring Creek,Great Miami River (wetland inflow),5,W01593,EE_W0043_5,1/3/2022,2022,Winter,2022,Winter,Dayton,0.04,3.831,0.047,0.056,4.485,0.198,,4.2,8.14,,98.2,407.9,90.5,very high flow (>5000 cfs at sampling); overflowed into wetland night before (>10000 cfs),Yes,2/16/2022,2/7/2022,6/27/2022,5/24/2022,,,,,,,,,,,,,,,,,,,,,,,,,,,,,,,,,,,,,,,,,,,,,,,,,,,,,,,,,,,,,,,,,,,,,,,,,,,,,,,,,,,,,,,,,,,,,,,,,,,,,,,,,,
Spring Creek,Great Miami River (upstream at covered bridge),6,W01594,EE_W0044_6,1/3/2022,2022,Winter,2022,Winter,Dayton,0.064,3.653,0.074,0.067,4.524,0.256,,4.3,8.15,,97.7,392.3,108.5,very high flow (>5000 cfs at sampling),Yes,2/16/2022,2/7/2022,6/27/2022,5/24/2022,,,,,,,,,,,,,,,,,,,,,,,,,,,,,,,,,,,,,,,,,,,,,,,,,,,,,,,,,,,,,,,,,,,,,,,,,,,,,,,,,,,,,,,,,,,,,,,,,,,,,,,,,,
Spring Creek,Springcreek (Upstream of SC Connector),1,W01604,02212022_EE_W0045_1,2/21/2022,2022,Winter,2022,Winter,Dayton,0.04,3.907,,0.013,5.651,0.096,,3.5,8.4,13.1,99,536,9.2,Outflowing into Springcreek,Yes,6/13/2022,6/27/2022,6/27/2022,,,,,,,,,,,,,,,,,,,,,,,,,,,,,,,,,,,,,,,,,,,,,,,,,,,,,,,,,,,,,,,,,,,,,,,,,,,,,,,,,,,,,,,,,,,,,,,,,,,,,,,,,,,
Spring Creek,North Pool (Near SC Conncetor),2,W01605,02212022_EE_W0046_2,2/21/2022,2022,Winter,2022,Winter,Dayton,0.172,3.342,,0.032,4.879,0.366,,4.4,7.9,11.5,89,370,40,Shallow and Turbid,Yes,6/13/2022,6/27/2022,6/27/2022,,,,,,,,,,,,,,,,,,,,,,,,,,,,,,,,,,,,,,,,,,,,,,,,,,,,,,,,,,,,,,,,,,,,,,,,,,,,,,,,,,,,,,,,,,,,,,,,,,,,,,,,,,,
Spring Creek,Connecting Channel,3,W01606,02212022_EE_W0047_3,2/21/2022,2022,Winter,2022,Winter,Dayton,0.178,3.117,,0.029,4.942,0.361,,2.9,7.8,11.6,86,339,35,Turbid,Yes,6/13/2022,6/27/2022,6/27/2022,,,,,,,,,,,,,,,,,,,,,,,,,,,,,,,,,,,,,,,,,,,,,,,,,,,,,,,,,,,,,,,,,,,,,,,,,,,,,,,,,,,,,,,,,,,,,,,,,,,,,,,,,,,
Spring Creek,South Pool (Near GMR Connector),4,W01607,02212022_EE_W0048_4,2/21/2022,2022,Winter,2022,Winter,Dayton,0.172,3.242,,0.13,4.5,0.381,,2.9,7.7,12.9,96,350,118,Turbid,Yes,6/13/2022,6/27/2022,6/27/2022,,,,,,,,,,,,,,,,,,,,,,,,,,,,,,,,,,,,,,,,,,,,,,,,,,,,,,,,,,,,,,,,,,,,,,,,,,,,,,,,,,,,,,,,,,,,,,,,,,,,,,,,,,,
Spring Creek,Great Miami River (Wetland inflow),5,W01608,02212022_EE_W0049_5,2/21/2022,2022,Winter,2022,Winter,Dayton,0.063,3.229,,0.077,4.831,0.242,,2.5,8.3,12.5,92,470,50,Turbid 3-5' below notch,Yes,6/13/2022,6/27/2022,6/27/2022,,,,,,,,,,,,,,,,,,,,,,,,,,,,,,,,,,,,,,,,,,,,,,,,,,,,,,,,,,,,,,,,,,,,,,,,,,,,,,,,,,,,,,,,,,,,,,,,,,,,,,,,,,,
Spring Creek,Great Miami River (Upstream at Covered Bridge),6,W01609,02212022_EE_W0050_6,2/21/2022,2022,Winter,2022,Winter,Dayton,0.134,2.889,,0.094,4.82,0.318,,3.9,8.4,12.8,90,451,60,,Yes,6/13/2022,6/29/2022,6/27/2022,,,,,,,,,,,,,,,,,,,,,,,,,,,,,,,,,,,,,,,,,,,,,,,,,,,,,,,,,,,,,,,,,,,,,,,,,,,,,,,,,,,,,,,,,,,,,,,,,,,,,,,,,,,
Spring Creek,Springcreek (Upstream of SC Connector),1,W01620,032122_SC_W0051_1,3/21/2022,2022,Spring,2022,Winter,Dayton,0.0015,5.004,0.008,0.003,5.858,0.005,,10.3,8.66,15.01,133.4,569,3.8,,Yes,6/15/2022,6/27/2022,6/27/2022,5/24/2022,,,,,,,,,,,,,,,,,,,,,,,,,,,,,,,,,,,,,,,,,,,,,,,,,,,,,,,,,,,,,,,,,,,,,,,,,,,,,,,,,,,,,,,,,,,,,,,,,,,,,,,,,,
Spring Creek,North Pool (Near SC Conncetor),2,W01621,032122_SC_W0052_2,3/21/2022,2022,Spring,2022,Winter,Dayton,0.0015,2.911,0.008,0.003,4.064,0.005,,10.7,8.23,13.93,123.5,571,5.62,,Yes,6/15/2022,6/27/2022,6/27/2022,5/24/2022,,,,,,,,,,,,,,,,,,,,,,,,,,,,,,,,,,,,,,,,,,,,,,,,,,,,,,,,,,,,,,,,,,,,,,,,,,,,,,,,,,,,,,,,,,,,,,,,,,,,,,,,,,
Spring Creek,Connecting Channel,3,W01622,032122_SC_W0053_3,3/21/2022,2022,Spring,2022,Winter,Dayton,0.0015,2.545,0.017,0.002,2.849,0.005,,12.5,8.95,23.12,218.6,513,7.65,,Yes,6/15/2022,6/27/2022,6/27/2022,5/24/2022,,,,,,,,,,,,,,,,,,,,,,,,,,,,,,,,,,,,,,,,,,,,,,,,,,,,,,,,,,,,,,,,,,,,,,,,,,,,,,,,,,,,,,,,,,,,,,,,,,,,,,,,,,
Spring Creek,South Pool (Near GMR Connector),4,W01623,032122_SC_W0054_4,3/21/2022,2022,Spring,2022,Winter,Dayton,0.004,2.516,0.009,0.011,3.567,0.094,,14.7,8.82,14.95,147.6,383,25.6,,Yes,6/15/2022,6/27/2022,6/27/2022,5/24/2022,,,,,,,,,,,,,,,,,,,,,,,,,,,,,,,,,,,,,,,,,,,,,,,,,,,,,,,,,,,,,,,,,,,,,,,,,,,,,,,,,,,,,,,,,,,,,,,,,,,,,,,,,,
Spring Creek,Great Miami River (Wetland inflow),5,W01624,032122_SC_W0055_5,3/21/2022,2022,Spring,2022,Winter,Dayton,0.015,4.361,0.017,0.023,5.609,0.1,,10.4,8.42,12.26,109.6,571,36.24,,Yes,6/15/2022,6/27/2022,6/27/2022,5/24/2022,,,,,,,,,,,,,,,,,,,,,,,,,,,,,,,,,,,,,,,,,,,,,,,,,,,,,,,,,,,,,,,,,,,,,,,,,,,,,,,,,,,,,,,,,,,,,,,,,,,,,,,,,,
Spring Creek,Great Miami River (Upstream at Covered Bridge),6,W01625,032122_SC_W0056_6,3/21/2022,2022,Spring,2022,Winter,Dayton,0.025,4.133,0.022,0.035,5.051,0.178,,10.4,8.37,11.39,102,563,49.75,,Yes,6/15/2022,6/27/2022,6/27/2022,5/24/2022,,,,,,,,,,,,,,,,,,,,,,,,,,,,,,,,,,,,,,,,,,,,,,,,,,,,,,,,,,,,,,,,,,,,,,,,,,,,,,,,,,,,,,,,,,,,,,,,,,,,,,,,,,
Spring Creek,Springcreek (Upstream of SC Connector),1,W01631,04192022_SPC_1,4/19/2022,2022,Spring,2022,Spring,Dayton,0.048,4.62,0.0462,0.005,5.027,0.005,,8.1,8.32,12.77,109,629,2.65,,Yes,6/13/2022,6/29/2022,9/20/2022,,,,,,,,,,,,,,,,,,,,,,,,,,,,,,,,,,,,,,,,,,,,,,,,,,,,,,,,,,,,,,,,,,,,,,,,,,,,,,,,,,,,,,,,,,,,,,,,,,,,,,,,,,,
Spring Creek,North Pool (Near SC Conncetor),2,W01632,04192022_SPC_2,4/19/2022,2022,Spring,2022,Spring,Dayton,0.004,2.475,0.0077,0.018,3.94,0.005,,9.1,8.28,13.88,121,589,1.86,,Yes,6/13/2022,6/29/2022,9/20/2022,,,,,,,,,,,,,,,,,,,,,,,,,,,,,,,,,,,,,,,,,,,,,,,,,,,,,,,,,,,,,,,,,,,,,,,,,,,,,,,,,,,,,,,,,,,,,,,,,,,,,,,,,,,
Spring Creek,Connecting Channel,3,W01633,04192022_SPC_3,4/19/2022,2022,Spring,2022,Spring,Dayton,0.075,2.56,0.453,0.015,4.758,0.005,,10.4,8.46,16.5,150,560,4.5,,Yes,6/13/2022,6/29/2022,9/20/2022,,,,,,,,,,,,,,,,,,,,,,,,,,,,,,,,,,,,,,,,,,,,,,,,,,,,,,,,,,,,,,,,,,,,,,,,,,,,,,,,,,,,,,,,,,,,,,,,,,,,,,,,,,,
Spring Creek,South Pool (Near GMR Connector),4,W01634,04192022_SPC_4,4/19/2022,2022,Spring,2022,Spring,Dayton,0.0015,1.157,0.094,0.003,3.095,0.005,,11.5,8.7,14.2,131,471,4.98,,Yes,6/13/2022,6/29/2022,9/20/2022,,,,,,,,,,,,,,,,,,,,,,,,,,,,,,,,,,,,,,,,,,,,,,,,,,,,,,,,,,,,,,,,,,,,,,,,,,,,,,,,,,,,,,,,,,,,,,,,,,,,,,,,,,,
Spring Creek,Great Miami River (Wetland inflow),5,W01635,04192022_SPC_5,4/19/2022,2022,Spring,2022,Spring,Dayton,0.012,1.539,0.0647,0.011,4.618,0.064,,8.5,8.15,12.16,104.8,599,22.8,,Yes,6/13/2022,6/29/2022,9/20/2022,,,,,,,,,,,,,,,,,,,,,,,,,,,,,,,,,,,,,,,,,,,,,,,,,,,,,,,,,,,,,,,,,,,,,,,,,,,,,,,,,,,,,,,,,,,,,,,,,,,,,,,,,,,
Spring Creek,Great Miami River (Upstream at Covered Bridge),6,W01636,04192022_SPC_6,4/19/2022,2022,Spring,2022,Spring,Dayton,0.025,2.707,0.0144,0.009,4.572,0.114,,9.0,8.21,11.5,99,583,28.8,,Yes,6/13/2022,6/29/2022,9/20/2022,,,,,,,,,,,,,,,,,,,,,,,,,,,,,,,,,,,,,,,,,,,,,,,,,,,,,,,,,,,,,,,,,,,,,,,,,,,,,,,,,,,,,,,,,,,,,,,,,,,,,,,,,,,
Spring Creek,Springcreek (Upstream of SC Connector),1,W01647,052022_SPC_1,5/20/2022,2022,Spring,2022,Spring,Dayton,0.0015,3.111,0.0084,0.004,3.652,0.005,,17.3,8.43,10.18,110.4,608,2.6,,Data is in Survey123,6/15/2022,6/27/2022,9/20/2022,,,,,,,,,,,,,,,,,,,,,,,,,,,,,,,,,,,,,,,,,,,,,,,,,,,,,,,,,,,,,,,,,,,,,,,,,,,,,,,,,,,,,,,,,,,,,,,,,,,,,,,,,,,
Spring Creek,North Pool (Near SC Conncetor),2,W01648,052022_SPC_2,5/20/2022,2022,Spring,2022,Spring,Dayton,0.0015,2.443,0.0053,0.007,2.978,0.005,,15.5,7.92,17.75,179.1,622,31.55,,Data is in Survey123,6/15/2022,6/27/2022,9/20/2022,,,,,,,,,,,,,,,,,,,,,,,,,,,,,,,,,,,,,,,,,,,,,,,,,,,,,,,,,,,,,,,,,,,,,,,,,,,,,,,,,,,,,,,,,,,,,,,,,,,,,,,,,,,
Spring Creek,Connecting Channel,3,W01649,052022_SPC_3,5/20/2022,2022,Spring,2022,Spring,Dayton,0.0015,2.342,0.0071,0.01,2.262,0.005,,17.3,8.95,23.72,256.8,495.5,11.11,,Data is in Survey123,6/15/2022,6/27/2022,9/20/2022,,,,,,,,,,,,,,,,,,,,,,,,,,,,,,,,,,,,,,,,,,,,,,,,,,,,,,,,,,,,,,,,,,,,,,,,,,,,,,,,,,,,,,,,,,,,,,,,,,,,,,,,,,,
Spring Creek,South Pool (Near GMR Connector),4,W01650,052022_SPC_4,5/20/2022,2022,Spring,2022,Spring,Dayton,0.0015,0.485,0.0214,0.007,1.404,0.021,,23.8,9.25,13.19,156.3,352.5,56.82,,Data is in Survey123,6/15/2022,6/27/2022,9/20/2022,,,,,,,,,,,,,,,,,,,,,,,,,,,,,,,,,,,,,,,,,,,,,,,,,,,,,,,,,,,,,,,,,,,,,,,,,,,,,,,,,,,,,,,,,,,,,,,,,,,,,,,,,,,
Spring Creek,Great Miami River (Wetland inflow),5,W01651,052022_SPC_5,5/20/2022,2022,Spring,2022,Spring,Dayton,0.031,2.132,0.0088,0.006,3.438,0.085,,20.5,8.53,9.33,103.7,614,5.1,,Data is in Survey123,6/15/2022,6/27/2022,9/20/2022,,,,,,,,,,,,,,,,,,,,,,,,,,,,,,,,,,,,,,,,,,,,,,,,,,,,,,,,,,,,,,,,,,,,,,,,,,,,,,,,,,,,,,,,,,,,,,,,,,,,,,,,,,,
Spring Creek,Great Miami River (Upstream at Covered Bridge),6,W01652,052022_SPC_6,5/20/2022,2022,Spring,2022,Spring,Dayton,0.026,1.797,0.0093,0.007,2.021,0.101,,21.4,8.56,9.72,110,615,5.2,,Data is in Survey123,6/14/2022,6/27/2022,9/20/2022,,,,,,,,,,,,,,,,,,,,,,,,,,,,,,,,,,,,,,,,,,,,,,,,,,,,,,,,,,,,,,,,,,,,,,,,,,,,,,,,,,,,,,,,,,,,,,,,,,,,,,,,,,,
Spring Creek,Springcreek (Upstream of SC Connector),1,W02047,SPC_070622_1,7/6/2022,2022,Summer,2022,Summer,Lake,0.009,1.597,0.0469,0.015,3.429,0.064,,22.7,8.42,8.05,93.5,557,8.5,,Data is in Survey123,9/13/2022,9/21/22 (TP) 9/22/21 (TN),9/20/2022,,,,,,,,,,,,,,,,,,,,,,,,,,,,,,,,,,,,,,,,,,,,,,,,,,,,,,,,,,,,,,,,,,,,,,,,,,,,,,,,,,,,,,,,,,,,,,,,,,,,,,,,,,,
Spring Creek,North Pool (Near SC Conncetor),2,W02048,SPC_070622_2,7/6/2022,2022,Summer,2022,Summer,Lake,0.0015,1.994,0.0921,0.056,3.805,0.013,,22.9,7.64,10.5,122,527,32,raining,Data is in Survey123,9/13/2022,9/21/22 (TP) 9/22/21 (TN),9/20/2022,,,,,,,,,,,,,,,,,,,,,,,,,,,,,,,,,,,,,,,,,,,,,,,,,,,,,,,,,,,,,,,,,,,,,,,,,,,,,,,,,,,,,,,,,,,,,,,,,,,,,,,,,,,
Spring Creek,Connecting Channel,3,W02049,SPC_070622_3,7/6/2022,2022,Summer,2022,Summer,Lake,0.0015,1.984,0.0586,0.082,3.143,0.036,,23.8,8.38,11.8,140,512,9.1,,Data is in Survey123,9/13/2022,9/21/22 (TP) 9/22/21 (TN),9/20/2022,,,,,,,,,,,,,,,,,,,,,,,,,,,,,,,,,,,,,,,,,,,,,,,,,,,,,,,,,,,,,,,,,,,,,,,,,,,,,,,,,,,,,,,,,,,,,,,,,,,,,,,,,,,
Spring Creek,South Pool (Near GMR Connector),4,W02050,SPC_070622_4,7/6/2022,2022,Summer,2022,Summer,Lake,0.0015,0.79,0.0244,0.045,2.442,0.073,,27.3,8.56,7.9,97,381,20.3,,Data is in Survey123,9/13/2022,9/21/22 (TP) 9/22/21 (TN),9/20/2022,,,,,,,,,,,,,,,,,,,,,,,,,,,,,,,,,,,,,,,,,,,,,,,,,,,,,,,,,,,,,,,,,,,,,,,,,,,,,,,,,,,,,,,,,,,,,,,,,,,,,,,,,,,
Spring Creek,Great Miami River (Wetland inflow),5,W02051,SPC_070622_5,7/6/2022,2022,Summer,2022,Summer,Lake,0.439,1.33,0.1205,0.052,3.198,0.691,,24.4,8.29,6.73,80.7,649,15.8,raining,Data is in Survey123,9/13/2022,9/21/22 (TP) 9/22/21 (TN),9/20/2022,,,,,,,,,,,,,,,,,,,,,,,,,,,,,,,,,,,,,,,,,,,,,,,,,,,,,,,,,,,,,,,,,,,,,,,,,,,,,,,,,,,,,,,,,,,,,,,,,,,,,,,,,,,
Spring Creek,Great Miami River (Upstream at Covered Bridge),6,W02052,SPC_070622_6,7/6/2022,2022,Summer,2022,Summer,Lake,0.514,1.221,0.0183,0.037,3.219,0.634,,24.5,8.16,6.7,85.5,609,17.8,,Data is in Survey123,9/13/2022,9/21/22 (TP) 9/22/21 (TN),9/20/2022,,,,,,,,,,,,,,,,,,,,,,,,,,,,,,,,,,,,,,,,,,,,,,,,,,,,,,,,,,,,,,,,,,,,,,,,,,,,,,,,,,,,,,,,,,,,,,,,,,,,,,,,,,,
Spring Creek,Springcreek (Upstream of SC Connector),1,W01693,SPC_080522_1,8/5/2022,2022,Summer,2022,Summer,Dayton,0.005,1.476,0.0075,0.003,1.624,0.005,,23.5,8.7,9.16,107.8,625,1.3,,Yes,9/13/2022,9/22/2022,9/20/2022,,,,,,,,,,,,,,,,,,,,,,,,,,,,,,,,,,,,,,,,,,,,,,,,,,,,,,,,,,,,,,,,,,,,,,,,,,,,,,,,,,,,,,,,,,,,,,,,,,,,,,,,,,,
Spring Creek,North Pool (Near SC Conncetor),2,W01694,SPC_080522_2,8/5/2022,2022,Summer,2022,Summer,Dayton,0.0015,1.118,0.0089,0.016,1.536,0.005,,24.1,7.76,9.06,109.1,564,27.9,,Yes,9/13/2022,9/22/2022,9/20/2022,,,,,,,,,,,,,,,,,,,,,,,,,,,,,,,,,,,,,,,,,,,,,,,,,,,,,,,,,,,,,,,,,,,,,,,,,,,,,,,,,,,,,,,,,,,,,,,,,,,,,,,,,,,
Spring Creek,Connecting Channel,3,W01695,SPC_080522_3,8/5/2022,2022,Summer,2022,Summer,Dayton,0.0015,0.659,0.0304,0.1,1.542,0.021,,27.1,8.57,11.9,150.3,489,40.2,Thick algal mats in connecting channel - no flow between N pool and S pool,Yes,9/13/2022,9/22/2022,9/20/2022,,,,,,,,,,,,,,,,,,,,,,,,,,,,,,,,,,,,,,,,,,,,,,,,,,,,,,,,,,,,,,,,,,,,,,,,,,,,,,,,,,,,,,,,,,,,,,,,,,,,,,,,,,,
Spring Creek,South Pool (Near GMR Connector),4,W01696,SPC_080522_4,8/5/2022,2022,Summer,2022,Summer,Dayton,0.0015,0.03,0.0045,0.005,0.795,0.069,,27.8,8.59,2.47,31,384,81.9,Red/brown algae near connecting channel - may be Euglena,Yes,9/13/2022,9/22/2022,9/20/2022,,,,,,,,,,,,,,,,,,,,,,,,,,,,,,,,,,,,,,,,,,,,,,,,,,,,,,,,,,,,,,,,,,,,,,,,,,,,,,,,,,,,,,,,,,,,,,,,,,,,,,,,,,,
Spring Creek,Great Miami River (Wetland inflow),5,W01697,SPC_080522_5,8/5/2022,2022,Summer,2022,Summer,Dayton,0.501,0.942,0.0123,0.017,1.064,0.671,,25.2,8.72,8.24,100.2,711,5.5,"GMR Flow at USGS 03262700 (Troy, OH) 154 cfs",Yes,9/13/2022,9/22/2022,9/20/2022,,,,,,,,,,,,,,,,,,,,,,,,,,,,,,,,,,,,,,,,,,,,,,,,,,,,,,,,,,,,,,,,,,,,,,,,,,,,,,,,,,,,,,,,,,,,,,,,,,,,,,,,,,,
Spring Creek,Great Miami River (Upstream at Covered Bridge),6,W01698,SPC_080522_6,8/5/2022,2022,Summer,2022,Summer,Dayton,0.59,1.089,0.0269,0.021,1.935,0.756,,26.5,8.85,9.44,117.5,717,3.7,,Yes,9/13/2022,9/22/2022,9/20/2022,,,,,,,,,,,,,,,,,,,,,,,,,,,,,,,,,,,,,,,,,,,,,,,,,,,,,,,,,,,,,,,,,,,,,,,,,,,,,,,,,,,,,,,,,,,,,,,,,,,,,,,,,,,
Spring Creek,Springcreek (Upstream of SC Connector),1,W01714,SPC_090722_1,9/7/2022,2022,Summer,2022,Summer,Dayton,0.01,0.451,0.0113,0.005,0.962,0.042,,20.2,8.75,9.2,101.7,518,2.1,,Yes,11/9/2022,11/10/2022,9/21/2022,,,,,,,,,,,,,,,,,,,,,,,,,,,,,,,,,,,,,,,,,,,,,,,,,,,,,,,,,,,,,,,,,,,,,,,,,,,,,,,,,,,,,,,,,,,,,,,,,,,,,,,,,,,
Spring Creek,North Pool (Near SC Conncetor),2,W01715,SPC_090722_2,9/7/2022,2022,Summer,2022,Summer,Dayton,0.003,0.798,0.026,0.12,2.217,0.013,,23.1,8.01,8.53,98.2,580,15.3,,Yes,11/9/2022,11/10/2022,9/21/2022,,,,,,,,,,,,,,,,,,,,,,,,,,,,,,,,,,,,,,,,,,,,,,,,,,,,,,,,,,,,,,,,,,,,,,,,,,,,,,,,,,,,,,,,,,,,,,,,,,,,,,,,,,,
Spring Creek,Connecting Channel,3,W01716,SPC_090722_3,9/7/2022,2022,Summer,2022,Summer,Dayton,0.005,0.173,0.0262,0.59,4.804,0.049,,25.4,8.34,11.67,142.4,725,127.2,Connecting channel not flowing. Small pool of water left in middle,Yes,11/9/2022,11/10/2022,9/21/2022,,,,,,,,,,,,,,,,,,,,,,,,,,,,,,,,,,,,,,,,,,,,,,,,,,,,,,,,,,,,,,,,,,,,,,,,,,,,,,,,,,,,,,,,,,,,,,,,,,,,,,,,,,,
Spring Creek,South Pool (Near GMR Connector),4,W01717,SPC_090722_4,9/7/2022,2022,Summer,2022,Summer,Dayton,0.0015,0.4,0.0089,0.005,1.848,0.04,,23.7,8.00,8.46,99.7,510,61.6,,Yes,11/9/2022,11/10/2022,9/21/2022,,,,,,,,,,,,,,,,,,,,,,,,,,,,,,,,,,,,,,,,,,,,,,,,,,,,,,,,,,,,,,,,,,,,,,,,,,,,,,,,,,,,,,,,,,,,,,,,,,,,,,,,,,,
Spring Creek,Great Miami River (Wetland inflow),5,W01718,SPC_090722_5,9/7/2022,2022,Summer,2022,Summer,Dayton,0.172,2.126,0.0265,0.028,3.379,0.275,,22.2,8.45,8.37,96.1,506,19.9,,Yes,11/9/2022,11/10/2022,9/21/2022,,,,,,,,,,,,,,,,,,,,,,,,,,,,,,,,,,,,,,,,,,,,,,,,,,,,,,,,,,,,,,,,,,,,,,,,,,,,,,,,,,,,,,,,,,,,,,,,,,,,,,,,,,,
Spring Creek,Great Miami River (Upstream at Covered Bridge),6,W01719,SPC_090722_6,9/7/2022,2022,Summer,2022,Summer,Dayton,0.195,2.096,0.0174,0.028,3.293,0.307,,22.5,8.49,8.61,99.6,506,19.4,,Yes,11/9/2022,11/10/2022,9/21/2022,,,,,,,,,,,,,,,,,,,,,,,,,,,,,,,,,,,,,,,,,,,,,,,,,,,,,,,,,,,,,,,,,,,,,,,,,,,,,,,,,,,,,,,,,,,,,,,,,,,,,,,,,,,
Spring Creek,North Pool (Near SC Conncetor),2,W01726,SPC_100322_2,10/3/2022,2022,Fall,2023,Fall,Dayton,0.0015,0.744,0.0075,0.0058,1.121,0.005,,17.2,8.82,13.4,139.6,538,4.3,Water low - HOBO Exposed,Yes,1/24/2023,2/1/23 (TN) 2/3/23 (TP),2/20/2023,,,,,,,,,,,,,,,,,,,,,,,,,,,,,,,,,,,,,,,,,,,,,,,,,,,,,,,,,,,,,,,,,,,,,,,,,,,,,,,,,,,,,,,,,,,,,,,,,,,,,,,,,,,
Spring Creek,South Pool (Near GMR Connector),4,W01728,SPC_100322_4,10/3/2022,2022,Fall,2023,Fall,Dayton,0.0015,0.35,0.0127,0.0209,1.097,0.005,,16.8,8.62,13.05,134.7,456.4,14.5,,Yes,1/24/2023,2/1/23 (TN) 2/3/23 (TP),2/20/2023,,,,,,,,,,,,,,,,,,,,,,,,,,,,,,,,,,,,,,,,,,,,,,,,,,,,,,,,,,,,,,,,,,,,,,,,,,,,,,,,,,,,,,,,,,,,,,,,,,,,,,,,,,,
Spring Creek,Great Miami River (Wetland inflow),5,W01729,SPC_100322_5,10/3/2022,2022,Fall,2023,Fall,Dayton,0.102,0.915,0.0088,0.0046,1.577,0.309,,15.6,9.07,11.88,119.6,690,2.2,,Yes,1/24/2023,2/1/23 (TN) 2/3/23 (TP),2/20/2023,,,,,,,,,,,,,,,,,,,,,,,,,,,,,,,,,,,,,,,,,,,,,,,,,,,,,,,,,,,,,,,,,,,,,,,,,,,,,,,,,,,,,,,,,,,,,,,,,,,,,,,,,,,
Spring Creek,Great Miami River (Upstream at Covered Bridge),6,W01730,SPC_100322_6,10/3/2022,2022,Fall,2023,Fall,Dayton,0.079,0.88,0.0121,0.0063,1.628,0.296,,16.2,9.2,12.43,126.5,695,1.9,,Yes,1/24/2023,2/1/23 (TN) 2/3/23 (TP),2/20/2023,,,,,,,,,,,,,,,,,,,,,,,,,,,,,,,,,,,,,,,,,,,,,,,,,,,,,,,,,,,,,,,,,,,,,,,,,,,,,,,,,,,,,,,,,,,,,,,,,,,,,,,,,,,
Spring Creek,North Pool (Near SC Conncetor),2,W01742,SPC_110222_2,11/2/2022,2022,Fall,2023,Fall,Dayton,0.0015,0.428,0.0109,0.0032,1.083,0.005,45,13.8,9.2,19.83,192,442.2,5.4,Water low - HOBO Exposed (no longer under water but some areas still have 45 cm+ water depth),Yes,1/24/2023,2/1/23 (TN) 2/3/23 (TP),2/20/2023,,,,,,,,,,,,,,,,,,,,,,,,,,,,,,,,,,,,,,,,,,,,,,,,,,,,,,,,,,,,,,,,,,,,,,,,,,,,,,,,,,,,,,,,,,,,,,,,,,,,,,,,,,,
Spring Creek,South Pool (Near GMR Connector),4,W01744,SPC_110222_4,11/2/2022,2022,Fall,2023,Fall,Dayton,0.0015,0.235,0.0156,0.0055,1.586,0.005,30,14.8,8.65,12.96,128.2,479.9,101.8,Water level low - HOBO almost exposed,Yes,1/24/2023,2/1/23 (TN) 2/3/23 (TP),2/20/2023,,,,,,,,,,,,,,,,,,,,,,,,,,,,,,,,,,,,,,,,,,,,,,,,,,,,,,,,,,,,,,,,,,,,,,,,,,,,,,,,,,,,,,,,,,,,,,,,,,,,,,,,,,,
Spring Creek,Great Miami River (Wetland inflow),5,W01745,SPC_110222_5,11/2/2022,2022,Fall,2023,Fall,Dayton,0.365,0.515,0.0175,0.0031,1.257,0.407,30,13.7,8.7,11.03,106.6,749,1.43,,Yes,1/24/2023,2/1/23 (TN) 2/3/23 (TP),2/20/2023,,,,,,,,,,,,,,,,,,,,,,,,,,,,,,,,,,,,,,,,,,,,,,,,,,,,,,,,,,,,,,,,,,,,,,,,,,,,,,,,,,,,,,,,,,,,,,,,,,,,,,,,,,,
Spring Creek,Great Miami River (Upstream at Covered Bridge),6,W01746,SPC_110222_6,11/2/2022,2022,Fall,2023,Fall,Dayton,0.382,0.412,0.0182,0.0071,1.531,0.432,30,14.1,8.77,12.23,119.1,753,1.25,,Yes,1/24/2023,2/1/23 (TN) 2/3/23 (TP),2/20/2023,,,,,,,,,,,,,,,,,,,,,,,,,,,,,,,,,,,,,,,,,,,,,,,,,,,,,,,,,,,,,,,,,,,,,,,,,,,,,,,,,,,,,,,,,,,,,,,,,,,,,,,,,,,
Spring Creek,North Pool (Near SC Conncetor),2,W01759,SPC_120722_2,12/7/2022,2022,Fall,2023,Fall,Dayton,0.0015,1.066,0.0092,0.0064,0.913,0.005,40,6.9,8.23,19.29,158.7,196,3.7,,Yes,3/28/23 (NOx) 3/29/23 (SRP),4/5/2023,2/20/2023,,,,,,,,,,,,,,,,,,,,,,,,,,,,,,,,,,,,,,,,,,,,,,,,,,,,,,,,,,,,,,,,,,,,,,,,,,,,,,,,,,,,,,,,,,,,,,,,,,,,,,,,,,,
Spring Creek,South Pool (Near GMR Connector),4,W01761,SPC_120722_4,12/7/2022,2022,Fall,2023,Fall,Dayton,0.0015,0.954,0.0145,0.0151,3.009,0.135,20,7.9,7.89,14.64,123.6,525,12.8,,Yes,3/28/23 (NOx) 3/29/23 (SRP),4/5/2023,2/20/2023,,,,,,,,,,,,,,,,,,,,,,,,,,,,,,,,,,,,,,,,,,,,,,,,,,,,,,,,,,,,,,,,,,,,,,,,,,,,,,,,,,,,,,,,,,,,,,,,,,,,,,,,,,,
Spring Creek,Great Miami River (Wetland inflow),5,W10762,SPC_120722_5,12/7/2022,2022,Fall,2023,Fall,Dayton,0.378,1.373,0.0086,0.005,1.565,0.417,38,6.3,8.05,12.7,103,787,1.4,,Yes,3/28/23 (NOx) 3/29/23 (SRP),4/5/2023,2/20/2023,,,,,,,,,,,,,,,,,,,,,,,,,,,,,,,,,,,,,,,,,,,,,,,,,,,,,,,,,,,,,,,,,,,,,,,,,,,,,,,,,,,,,,,,,,,,,,,,,,,,,,,,,,,
Spring Creek,Great Miami River (Upstream at Covered Bridge),6,W01763,SPC_120722_6,12/7/2022,2022,Fall,2023,Fall,Dayton,0.388,1.275,0.0086,0.0027,1.408,0.398,35,6.3,8.19,13.84,112.3,787,1.3,,Yes,3/28/23 (NOx) 3/29/23 (SRP),4/5/2023,2/20/2023,,,,,,,,,,,,,,,,,,,,,,,,,,,,,,,,,,,,,,,,,,,,,,,,,,,,,,,,,,,,,,,,,,,,,,,,,,,,,,,,,,,,,,,,,,,,,,,,,,,,,,,,,,,
Spring Creek,Springcreek (Upstream of SC Connector),1,W02127,010523_SPC_1,1/5/2023,2023,Winter,2023,Winter,Lake ,0.0015,5.488,0.026063292,0.0066,6.956,0.026,25,6.6,8.2,11.34,92.9,597,4.63,,Yes,1/24/2023,2/1/23 (TN) 2/3/23 (TP),,10/11/2023,,,,,,,,,,,,,,,,,,,,,,,,,,,,,,,,,,,,,,,,,,,,,,,,,,,,,,,,,,,,,,,,,,,,,,,,,,,,,,,,,,,,,,,,,,,,,,,,,,,,,,,,,,
Spring Creek,North Pool (Near SC Conncetor),2,W02133,010523_SPC_2,1/5/2023,2023,Winter,2023,Winter,Lake ,0.0015,2.214,-0.012145983,0.0338,3.276,0.005,45,8.4,7.76,9.23,79.2,615,1.36,,Yes,1/23/2023,2/1/23 (TN) 2/3/23 (TP),,10/11/2023,,,,,,,,,,,,,,,,,,,,,,,,,,,,,,,,,,,,,,,,,,,,,,,,,,,,,,,,,,,,,,,,,,,,,,,,,,,,,,,,,,,,,,,,,,,,,,,,,,,,,,,,,,
Spring Creek,South Pool (Near GMR Connector),4,W02135,010523_SPC_4,1/5/2023,2023,Winter,2023,Winter,Lake ,0.0015,2.017,0.020191091,0.0685,2.943,0.034,30,8.1,7.61,10.11,86.1,625,12.41,,Yes,1/23/2023,2/1/23 (TN) 2/3/23 (TP),,10/11/2023,,,,,,,,,,,,,,,,,,,,,,,,,,,,,,,,,,,,,,,,,,,,,,,,,,,,,,,,,,,,,,,,,,,,,,,,,,,,,,,,,,,,,,,,,,,,,,,,,,,,,,,,,,
Spring Creek,Great Miami River (Wetland inflow),5,W02136,010523_SPC_5,1/5/2023,2023,Winter,2023,Winter,Lake ,0.114,6.137,0.026695008,0.0795,7.787,0.263,90,7.2,8.04,10.7,89.3,638,35.7,,Yes,1/23/2023,2/1/23 (TN) 2/3/23 (TP),,10/11/2023,,,,,,,,,,,,,,,,,,,,,,,,,,,,,,,,,,,,,,,,,,,,,,,,,,,,,,,,,,,,,,,,,,,,,,,,,,,,,,,,,,,,,,,,,,,,,,,,,,,,,,,,,,
Spring Creek,Great Miami River (Upstream at Covered Bridge),6,W02137,010523_SPC_6,1/5/2023,2023,Winter,2023,Winter,Lake ,0.138,6.284,0.064230499,0.0918,8.42,0.297,60,7.4,8.15,10.95,91.3,637,46.7,,Yes,1/23/2023,2/1/23 (TN) 2/3/23 (TP),,10/11/2023,,,,,,,,,,,,,,,,,,,,,,,,,,,,,,,,,,,,,,,,,,,,,,,,,,,,,,,,,,,,,,,,,,,,,,,,,,,,,,,,,,,,,,,,,,,,,,,,,,,,,,,,,,
Spring Creek,Springcreek (Upstream of SC Connector),1,W01789,SPC_020923_1,2/9/2023,2023,Winter,2023,Winter,Dayton,0.0015,3.611,0.0046,0.005,3.611,0.005,11,8.6,8.33,13.21,113.4,579,2.28,Did not overflow into wetland; may not have been peak flow yet,Yes,3/28/23 (NOx) 3/29/23 (SRP),4/5/2023,2/20/2023,,,,,,,,,,,,,,,,,,,,,,,,,,,,,,,,,,,,,,,,,,,,,,,,,,,,,,,,,,,,,,,,,,,,,,,,,,,,,,,,,,,,,,,,,,,,,,,,,,,,,,,,,,,
Spring Creek,North Pool (Near SC Conncetor),2,W01790,SPC_020923_2,2/9/2023,2023,Winter,2023,Winter,Dayton,0.0015,3.894,0.003,0.005,4.143,0.005,70,8.3,8.54,13.31,113.3,541,2.1,Water level up,Yes,3/28/23 (NOx) 3/29/23 (SRP),4/5/2023,2/20/2023,,,,,,,,,,,,,,,,,,,,,,,,,,,,,,,,,,,,,,,,,,,,,,,,,,,,,,,,,,,,,,,,,,,,,,,,,,,,,,,,,,,,,,,,,,,,,,,,,,,,,,,,,,,
Spring Creek,South Pool (Near GMR Connector),4,W01791,SPC_020923_4,2/9/2023,2023,Winter,2023,Winter,Dayton,0.0015,0.759,0.0041,0.005,1.309,0.022,40,9.4,8.33,14.98,131.2,517,6.78,Water level up,Yes,3/28/23 (NOx) 3/29/23 (SRP),4/5/2023,2/20/2023,,,,,,,,,,,,,,,,,,,,,,,,,,,,,,,,,,,,,,,,,,,,,,,,,,,,,,,,,,,,,,,,,,,,,,,,,,,,,,,,,,,,,,,,,,,,,,,,,,,,,,,,,,,
Spring Creek,Great Miami River (Wetland inflow),5,W01792,SPC_020923_5,2/9/2023,2023,Winter,2023,Winter,Dayton,0.108,2.887,0.0825,0.0427,3.486,0.208,40,7.6,8.38,12.19,102.2,692,3.84,Did not overflow into wetland; was not at peak flow yet (rising limb sampling),Yes,3/28/23 (NOx) 3/29/23 (SRP),4/5/2023,2/20/2023,,,,,,,,,,,,,,,,,,,,,,,,,,,,,,,,,,,,,,,,,,,,,,,,,,,,,,,,,,,,,,,,,,,,,,,,,,,,,,,,,,,,,,,,,,,,,,,,,,,,,,,,,,,
Spring Creek,Great Miami River (Upstream at Covered Bridge),6,W01793,SPC_020923_6,2/9/2023,2023,Winter,2023,Winter,Dayton,0.081,2.943,0.0925,0.0441,3.326,0.267,38,7.7,8.32,12.41,104.2,709,4.4,,Yes,3/28/23 (NOx) 3/29/23 (SRP),4/5/2023,2/20/2023,,,,,,,,,,,,,,,,,,,,,,,,,,,,,,,,,,,,,,,,,,,,,,,,,,,,,,,,,,,,,,,,,,,,,,,,,,,,,,,,,,,,,,,,,,,,,,,,,,,,,,,,,,,
Spring Creek,Great Miami River (Downstream at Barbie Memorial Park),7,W01794,SPC_020923_7,2/9/2023,2023,Winter,2023,Winter,Dayton,0.144,2.93,0.0984,0.0482,3.399,0.27,45,8,8.3,12.51,105.9,705,4.1,*New site added Jan 2023,Yes,3/28/23 (NOx) 3/29/23 (SRP),4/5/2023,2/20/2023,,,,,,,,,,,,,,,,,,,,,,,,,,,,,,,,,,,,,,,,,,,,,,,,,,,,,,,,,,,,,,,,,,,,,,,,,,,,,,,,,,,,,,,,,,,,,,,,,,,,,,,,,,,
Spring Creek,Springcreek (Upstream of SC Connector),1,W02159,021323_SPC_1,2/13/2023,2023,Winter,2023,Winter,Lake,0.0015,5.267,0.316151997,0.038,4.922,0.005,63,4.2,8.51,14.87,114.3,626,0.76,,Yes,3/28/23 (NOx) 3/29/23 (SRP),4/5/2023,6/26/2024,10/13/2023,,,,,,,,,,,,,,,,,,,,,,,,,,,,,,,,,,,,,,,,,,,,,,,,,,,,,,,,,,,,,,,,,,,,,,,,,,,,,,,,,,,,,,,,,,,,,,,,,,,,,,,,,,
Spring Creek,North Pool (Near SC Conncetor),2,W02162,021323_SPC_2,2/13/2023,2023,Winter,2023,Winter,Lake,0.0015,4.028,0.039710312,0.006,4.336,0.005,71,7.3,8.2,13.5,112.1,597,25.7,,Yes,3/28/23 (NOx) 3/29/23 (SRP),4/5/2023,,10/13/2023,,,,,,,,,,,,,,,,,,,,,,,,,,,,,,,,,,,,,,,,,,,,,,,,,,,,,,,,,,,,,,,,,,,,,,,,,,,,,,,,,,,,,,,,,,,,,,,,,,,,,,,,,,
Spring Creek,Connecting Channel,3,W02163,021323_SPC_3,2/13/2023,2023,Winter,2023,Winter,Lake,0.0015,1.956,0.228005946,0.0136,2.543,0.011,44,6.7,8.46,20.13,164.7,561,2.2,,Yes,3/28/23 (NOx) 3/29/23 (SRP),4/5/2023,,10/13/2023,,,,,,,,,,,,,,,,,,,,,,,,,,,,,,,,,,,,,,,,,,,,,,,,,,,,,,,,,,,,,,,,,,,,,,,,,,,,,,,,,,,,,,,,,,,,,,,,,,,,,,,,,,
Spring Creek,South Pool (Near GMR Connector),4,W02164,021323_SPC_4,2/13/2023,2023,Winter,2023,Winter,Lake,0.095,0.914,0.262393131,0.0158,1.571,0.005,63,8.1,8.21,19.16,162.3,600,10.6,,Yes,3/28/23 (NOx) 3/29/23 (SRP),4/5/2023,,10/13/2023,,,,,,,,,,,,,,,,,,,,,,,,,,,,,,,,,,,,,,,,,,,,,,,,,,,,,,,,,,,,,,,,,,,,,,,,,,,,,,,,,,,,,,,,,,,,,,,,,,,,,,,,,,
Spring Creek,Great Miami River (Wetland inflow),5,W02166,021323_SPC_5,2/13/2023,2023,Winter,2023,Winter,Lake,0.067,5.15,0.177510711,0.0766,5.15,0.134,48,4.4,8.35,13.19,101.9,646,13.8,,Yes,3/28/23 (NOx) 3/29/23 (SRP),4/5/2023,,10/13/2023,,,,,,,,,,,,,,,,,,,,,,,,,,,,,,,,,,,,,,,,,,,,,,,,,,,,,,,,,,,,,,,,,,,,,,,,,,,,,,,,,,,,,,,,,,,,,,,,,,,,,,,,,,
Spring Creek,Great Miami River (Upstream at Covered Bridge),6,W02165,021323_SPC_6,2/13/2023,2023,Winter,2023,Winter,Lake,0.112,4.844,0.928869536,0.1732,5.577,0.197,50,4.3,8.35,13.13,101.1,653,18.5,,Yes,3/28/23 (NOx) 3/29/23 (SRP),4/5/2023,,10/13/2023,,,,,,,,,,,,,,,,,,,,,,,,,,,,,,,,,,,,,,,,,,,,,,,,,,,,,,,,,,,,,,,,,,,,,,,,,,,,,,,,,,,,,,,,,,,,,,,,,,,,,,,,,,
Spring Creek,Great Miami River (Downstream at Barbie Memorial Park),7,W02167,021323_SPC_7,2/13/2023,2023,Winter,2023,Winter,Lake,0.11,4.904,0.49066521,0.1205,6.166,0.218,50,5,8.34,13.14,103,657,27.6,,Yes,3/28/23 (NOx) 3/29/23 (SRP),4/5/2023,,10/13/2023,,,,,,,,,,,,,,,,,,,,,,,,,,,,,,,,,,,,,,,,,,,,,,,,,,,,,,,,,,,,,,,,,,,,,,,,,,,,,,,,,,,,,,,,,,,,,,,,,,,,,,,,,,
Spring Creek,Springcreek (Upstream of SC Connector),1,W01811,SPC_030223_1,3/2/2023,2023,Winter,2023,Winter,Dayton,0.0015,7.233,0.0086,0.01,7.41,0.023,15,8.5,8.19,12.19,104.5,573,6.3,GMR Flow at USGS 03262700 Troy OH 12:00pm was 1580 cfs and height was 3.93 ft,Yes,5/22/2023,5/31/2023,,,,,,,,,,,,,,,,,,,,,,,,,,,,,,,,,,,,,,,,,,,,,,,,,,,,,,,,,,,,,,,,,,,,,,,,,,,,,,,,,,,,,,,,,,,,,,,,,,,,,,,,,,,,
Spring Creek,North Pool (Near SC Conncetor),2,W01812,SPC_030223_2,3/2/2023,2023,Winter,2023,Winter,Dayton,0.0015,3.539,0.007,0.0037,3.655,0.005,62,10.7,7.9,13.41,120.8,551,3.5,,Yes,5/22/2023,5/31/2023,,,,,,,,,,,,,,,,,,,,,,,,,,,,,,,,,,,,,,,,,,,,,,,,,,,,,,,,,,,,,,,,,,,,,,,,,,,,,,,,,,,,,,,,,,,,,,,,,,,,,,,,,,,,
Spring Creek,South Pool (Near GMR Connector),4,W01813,SPC_030223_4,3/2/2023,2023,Winter,2023,Winter,Dayton,0.0015,1.073,0.0062,0.0016,1.4,0.017,40,11.6,7.9,12.64,116.6,552,10.6,,Yes,5/22/2023,5/31/2023,,,,,,,,,,,,,,,,,,,,,,,,,,,,,,,,,,,,,,,,,,,,,,,,,,,,,,,,,,,,,,,,,,,,,,,,,,,,,,,,,,,,,,,,,,,,,,,,,,,,,,,,,,,,
Spring Creek,Great Miami River (Wetland inflow),5,W01814,SPC_030223_5,3/2/2023,2023,Winter,2023,Winter,Dayton,0.072,5.395,0.0209,0.041,7.154,0.232,60,8.3,8.01,11.06,94.2,531,67.7,,Yes,5/22/2023,5/31/2023,,,,,,,,,,,,,,,,,,,,,,,,,,,,,,,,,,,,,,,,,,,,,,,,,,,,,,,,,,,,,,,,,,,,,,,,,,,,,,,,,,,,,,,,,,,,,,,,,,,,,,,,,,,,
Spring Creek,Great Miami River (Upstream at Covered Bridge),6,W01815,SPC_030223_6,3/2/2023,2023,Winter,2023,Winter,Dayton,0.081,5.475,0.0233,0.0447,6.491,0.259,80,8.3,8.07,10.95,93.4,521,81.5,,Yes,5/22/2023,5/31/2023,,,,,,,,,,,,,,,,,,,,,,,,,,,,,,,,,,,,,,,,,,,,,,,,,,,,,,,,,,,,,,,,,,,,,,,,,,,,,,,,,,,,,,,,,,,,,,,,,,,,,,,,,,,,
Spring Creek,Great Miami River (Downstream at Barbie Memorial Park),7,W01816,SPC_030223_7,3/2/2023,2023,Winter,2023,Winter,Dayton,0.084,4.725,0.0198,0.0446,6.59,0.258,45,8.5,8.11,10.96,93.8,520,83.9,,Yes,5/22/2023,5/31/2023,,,,,,,,,,,,,,,,,,,,,,,,,,,,,,,,,,,,,,,,,,,,,,,,,,,,,,,,,,,,,,,,,,,,,,,,,,,,,,,,,,,,,,,,,,,,,,,,,,,,,,,,,,,,
Spring Creek,Springcreek (Upstream of SC Connector),1,W01839,SPC_041123_1,4/12/2023,2023,Spring,2023,Spring,Dayton,0.0015,4.858,0.0104,0.0038,4.858,0.005,10,14.1,8.66,14.09,135.6,563,2.4,"GMR Flow at USGS 03262700 Troy, OH 1:00pm was 785 cfs and height was 3.08 ft; peaked Apr 7 at 4940 cfs, 6.25 ft",Yes,5/22/2023,5/31/2023,,,,,,,,,,,,,,,,,,,,,,,,,,,,,,,,,,,,,,,,,,,,,,,,,,,,,,,,,,,,,,,,,,,,,,,,,,,,,,,,,,,,,,,,,,,,,,,,,,,,,,,,,,,,
Spring Creek,North Pool (Near SC Conncetor),2,W01840,SPC_041123_2,4/12/2023,2023,Spring,2023,Spring,Dayton,0.0015,3.858,0.0053,0.0021,3.818,0.005,78,12.3,7.96,11.49,107.6,529,7.1,,Yes,5/22/2023,5/31/2023,,,,,,,,,,,,,,,,,,,,,,,,,,,,,,,,,,,,,,,,,,,,,,,,,,,,,,,,,,,,,,,,,,,,,,,,,,,,,,,,,,,,,,,,,,,,,,,,,,,,,,,,,,,,
Spring Creek,South Pool (Near GMR Connector),4,W01841,SPC_041123_4,4/12/2023,2023,Spring,2023,Spring,Dayton,0.0015,2.373,0.0098,0.0053,2.997,0.053,30,18.8,9.04,21.28,227.8,329.3,20.2,,Yes,5/22/2023,5/31/2023,,,,,,,,,,,,,,,,,,,,,,,,,,,,,,,,,,,,,,,,,,,,,,,,,,,,,,,,,,,,,,,,,,,,,,,,,,,,,,,,,,,,,,,,,,,,,,,,,,,,,,,,,,,,
Spring Creek,Great Miami River (Wetland inflow),5,W01842,SPC_041123_5,4/12/2023,2023,Spring,2023,Spring,Dayton,0.059,4.001,0.0687,0.0096,4.315,0.131,50,14.2,8.39,10.84,105.8,593,11.7,,Yes,5/22/2023,5/31/2023,,,,,,,,,,,,,,,,,,,,,,,,,,,,,,,,,,,,,,,,,,,,,,,,,,,,,,,,,,,,,,,,,,,,,,,,,,,,,,,,,,,,,,,,,,,,,,,,,,,,,,,,,,,,
Spring Creek,Great Miami River (Upstream at Covered Bridge),6,W01843,SPC_041123_6,4/12/2023,2023,Spring,2023,Spring,Dayton,0.083,3.724,0.0679,0.0104,4.027,0.174,50,15,8.49,10.48,104.1,601,14.3,,Yes,5/22/2023,5/31/2023,,,,,,,,,,,,,,,,,,,,,,,,,,,,,,,,,,,,,,,,,,,,,,,,,,,,,,,,,,,,,,,,,,,,,,,,,,,,,,,,,,,,,,,,,,,,,,,,,,,,,,,,,,,,
Spring Creek,Great Miami River (Downstream at Barbie Memorial Park),7,W01844,SPC_041123_7,4/12/2023,2023,Spring,2023,Spring,Dayton,0.083,4.066,0.1051,0.0103,4.155,0.187,35,15.3,8.4,10.59,105.9,601,14,,Yes,5/22/2023,5/31/2023,,,,,,,,,,,,,,,,,,,,,,,,,,,,,,,,,,,,,,,,,,,,,,,,,,,,,,,,,,,,,,,,,,,,,,,,,,,,,,,,,,,,,,,,,,,,,,,,,,,,,,,,,,,,
Spring Creek,Springcreek (Upstream of SC Connector),1,W02273,052423_SPC_1,5/24/2023,2023,Spring,2023,Spring,Lake,0.0015,6.121,0.24073364,0.021325658,7.782,0.021,26,17.3,8.21,9.4,98,621,2.5,creek flowing towards GMR,,5/24/2023,6/2/2023,4/12/2024,10/25/2023,,,,,,,,,,,,,,,,,,,,,,,,,,,,,,,,,,,,,,,,,,,,,,,,,,,,,,,,,,,,,,,,,,,,,,,,,,,,,,,,,,,,,,,,,,,,,,,,,,,,,,,,,,
Spring Creek,North Pool (Near SC Conncetor),2,W02275,052423_SPC_2,5/24/2023,2023,Spring,2023,Spring,Lake,0.0015,3.295,0.073724444,0.009415015,3.793,0.025,30,18.9,8.23,16.78,180.9,543,4.9,algae growth on water surface,,5/24/2023,6/2/2023,4/12/2024,10/25/2023,,,,,,,,,,,,,,,,,,,,,,,,,,,,,,,,,,,,,,,,,,,,,,,,,,,,,,,,,,,,,,,,,,,,,,,,,,,,,,,,,,,,,,,,,,,,,,,,,,,,,,,,,,
Spring Creek,Connecting Channel,3,W02293,052423_SPC_3,5/24/2023,2023,Spring,2023,Spring,Lake,0.0015,3.09,0.078434064,0.030535727,3.828,0.043,25,20.1,7.96,11.53,127.2,551,18.9,algae growth on water surface,,5/24/2023,6/2/2023,4/12/2024,10/25/2023,,,,,,,,,,,,,,,,,,,,,,,,,,,,,,,,,,,,,,,,,,,,,,,,,,,,,,,,,,,,,,,,,,,,,,,,,,,,,,,,,,,,,,,,,,,,,,,,,,,,,,,,,,
Spring Creek,South Pool (Near GMR Connector),4,W02282,052423_SPC_4,5/24/2023,2023,Spring,2023,Spring,Lake,0.0015,0.68,0.098644764,0.013492803,1.872,0.077,22,24,8.58,15.02,179.2,413.2,24.1,algae growth on water surface,,5/24/2023,6/2/2023,4/12/2024,10/25/2023,,,,,,,,,,,,,,,,,,,,,,,,,,,,,,,,,,,,,,,,,,,,,,,,,,,,,,,,,,,,,,,,,,,,,,,,,,,,,,,,,,,,,,,,,,,,,,,,,,,,,,,,,,
Spring Creek,Great Miami River (Wetland inflow),5,W02287,052423_SPC_5,5/24/2023,2023,Spring,2023,Spring,Lake,0.155,5.945,0.201149858,0.016564678,7.392,0.201,60,19.1,8.07,8.13,87.8,599,9.5,,,5/24/2023,6/2/2023,4/12/2024,10/25/2023,,,,,,,,,,,,,,,,,,,,,,,,,,,,,,,,,,,,,,,,,,,,,,,,,,,,,,,,,,,,,,,,,,,,,,,,,,,,,,,,,,,,,,,,,,,,,,,,,,,,,,,,,,
Spring Creek,Great Miami River (Upstream at Covered Bridge),6,W02283,052423_SPC_6,5/24/2023,2023,Spring,2023,Spring,Lake,0.189,5.64,0.278641251,0.027955171,7.917,0.25,40,20.1,8.17,9,99.3,592,10.9,,,5/24/2023,6/2/2023,4/12/2024,10/25/2023,,,,,,,,,,,,,,,,,,,,,,,,,,,,,,,,,,,,,,,,,,,,,,,,,,,,,,,,,,,,,,,,,,,,,,,,,,,,,,,,,,,,,,,,,,,,,,,,,,,,,,,,,,
Spring Creek,Great Miami River (Downstream at Barbie Memorial Park),7,W02292,052423_SPC_7,5/24/2023,2023,Spring,2023,Spring,Lake,0.189,5.728,0.447098771,0.050696002,7.924,0.245,33,19.9,8.13,8,87.9,585,13.7,,,5/24/2023,6/2/2023,4/12/2024,10/25/2023,,,,,,,,,,,,,,,,,,,,,,,,,,,,,,,,,,,,,,,,,,,,,,,,,,,,,,,,,,,,,,,,,,,,,,,,,,,,,,,,,,,,,,,,,,,,,,,,,,,,,,,,,,
Spring Creek,Springcreek (Upstream of SC Connector),1,W01894,SPC_060723_1,6/7/2023,2023,Spring,2023,Spring,Dayton,0.0015,1.84,0.015502014,0.009610203,2.377,0.044,4,17.5,8.42,9.73,102,588,1.2,creek flowing towards GMR,,7/14/2023,7/17/2023,8/10/2023,9/29/2023,,,,,,,,,,,,,,,,,,,,,,,,,,,,,,,,,,,,,,,,,,,,,,,,,,,,,,,,,,,,,,,,,,,,,,,,,,,,,,,,,,,,,,,,,,,,,,,,,,,,,,,,,,
Spring Creek,North Pool (Near SC Conncetor),2,W01895,SPC_060723_2,6/7/2023,2023,Spring,2023,Spring,Dayton,0.0015,1.318,0.016421807,0.032060155,3.405,0.029,75,20.3,8.26,11.96,132.5,529,8.3,algae growth on water surface,,7/14/2023,7/17/2023,8/10/2023,9/29/2023,,,,,,,,,,,,,,,,,,,,,,,,,,,,,,,,,,,,,,,,,,,,,,,,,,,,,,,,,,,,,,,,,,,,,,,,,,,,,,,,,,,,,,,,,,,,,,,,,,,,,,,,,,
Spring Creek,South Pool (Near GMR Connector),4,W01896,SPC_060723_4,6/7/2023,2023,Spring,2023,Spring,Dayton,0.0015,0.03,0.0097245,0.0005,0.925,0.136,38,21.7,8.41,9.78,111.3,446.9,28.8,algae growth on water surface,,7/14/2023,7/17/2023,8/10/2023,9/29/2023,,,,,,,,,,,,,,,,,,,,,,,,,,,,,,,,,,,,,,,,,,,,,,,,,,,,,,,,,,,,,,,,,,,,,,,,,,,,,,,,,,,,,,,,,,,,,,,,,,,,,,,,,,
Spring Creek,Great Miami River (Wetland inflow),5,W01897,SPC_060723_5,6/7/2023,2023,Spring,2023,Spring,Dayton,0.169,1.695,0.017817838,0.015326459,2.209,0.317,42,19.6,8.56,8.47,92.6,693,2.1,,,7/14/2023,7/17/2023,8/10/2023,9/29/2023,,,,,,,,,,,,,,,,,,,,,,,,,,,,,,,,,,,,,,,,,,,,,,,,,,,,,,,,,,,,,,,,,,,,,,,,,,,,,,,,,,,,,,,,,,,,,,,,,,,,,,,,,,
Spring Creek,Great Miami River (Upstream at Covered Bridge),6,W01898,SPC_060723_6,6/7/2023,2023,Spring,2023,Spring,Dayton,0.205,1.108,0.017045585,0.01730845,1.697,0.383,12,22.1,8.66,11.71,134.3,705,1.5,,,7/14/2023,7/17/2023,8/10/2023,9/29/2023,,,,,,,,,,,,,,,,,,,,,,,,,,,,,,,,,,,,,,,,,,,,,,,,,,,,,,,,,,,,,,,,,,,,,,,,,,,,,,,,,,,,,,,,,,,,,,,,,,,,,,,,,,
Spring Creek,Great Miami River (Downstream at Barbie Memorial Park),7,W01899,SPC_060723_7,6/7/2023,2023,Spring,2023,Spring,Dayton,0.147,0.744,0.015541794,0.016670198,1.893,0.347,12,21.3,8.51,10.11,114.4,697,2.6,,,7/14/2023,7/17/2023,8/10/2023,9/29/2023,,,,,,,,,,,,,,,,,,,,,,,,,,,,,,,,,,,,,,,,,,,,,,,,,,,,,,,,,,,,,,,,,,,,,,,,,,,,,,,,,,,,,,,,,,,,,,,,,,,,,,,,,,
Spring Creek,Springcreek (Upstream of SC Connector),1,W02338,062823_SPC_1,6/28/2023,2023,Summer,2023,Spring,Lake,0.021,4.517,0.06343817,0.013028798,5.729,0.052,56,18,8.54,9.25,97.7,661,1.1,,yes,7/13/2023,7/16/2023,1/31/2024,10/25/2023,,,,,,,,,,,,,,,,,,,,,,,,,,,,,,,,,,,,,,,,,,,,,,,,,,,,,,,,,,,,,,,,,,,,,,,,,,,,,,,,,,,,,,,,,,,,,,,,,,,,,,,,,,
Spring Creek,North Pool (Near SC Conncetor),2,W02323,062823_SPC_2,6/28/2023,2023,Summer,2023,Spring,Lake,0.0015,4.761,0.146788691,0.033719051,6.587,0.029,87,19.6,8.13,10.55,114.7,580,11.1,,yes,7/13/2023,7/16/2023,1/31/2024,10/25/2023,,,,,,,,,,,,,,,,,,,,,,,,,,,,,,,,,,,,,,,,,,,,,,,,,,,,,,,,,,,,,,,,,,,,,,,,,,,,,,,,,,,,,,,,,,,,,,,,,,,,,,,,,,
Spring Creek,Connecting Channel,3,W02339,062823_SPC_3,6/28/2023,2023,Summer,2023,Spring,Lake,0.0015,3.515,0.25198593,0.019684971,5.152,0.03,72,20.6,8.82,18.84,209.4,482.2,1.7,algae galore,yes,7/13/2023,7/16/2023,1/31/2024,10/25/2023,,,,,,,,,,,,,,,,,,,,,,,,,,,,,,,,,,,,,,,,,,,,,,,,,,,,,,,,,,,,,,,,,,,,,,,,,,,,,,,,,,,,,,,,,,,,,,,,,,,,,,,,,,
Spring Creek,South Pool (Near GMR Connector),4,W02342,062823_SPC_4,6/28/2023,2023,Summer,2023,Spring,Lake,0.0015,0.176,0.128985327,0.078072684,1.726,0.173,30,23.1,8.19,8.93,104.2,490.6,40.5,,yes,7/13/2023,7/16/2023,1/31/2024,10/25/2023,,,,,,,,,,,,,,,,,,,,,,,,,,,,,,,,,,,,,,,,,,,,,,,,,,,,,,,,,,,,,,,,,,,,,,,,,,,,,,,,,,,,,,,,,,,,,,,,,,,,,,,,,,
Spring Creek,Great Miami River (Wetland inflow),5,W02340,062823_SPC_5,6/28/2023,2023,Summer,2023,Spring,Lake,0.195,2.75,0.131563549,0.027207664,4.483,0.27,55,19,8.39,7.66,82.8,717,3.7,,yes,7/13/2023,7/16/2023,1/31/2024,10/25/2023,,,,,,,,,,,,,,,,,,,,,,,,,,,,,,,,,,,,,,,,,,,,,,,,,,,,,,,,,,,,,,,,,,,,,,,,,,,,,,,,,,,,,,,,,,,,,,,,,,,,,,,,,,
Spring Creek,Great Miami River (Upstream at Covered Bridge),6,W02343,062823_SPC_6,6/28/2023,2023,Summer,2023,Spring,Lake,0.22,2.004,0.260502186,0.035573111,4.684,0.343,20,21.2,8.51,9.07,102.2,734,4.2,,yes,7/13/2023,7/16/2023,1/31/2024,10/25/2023,,,,,,,,,,,,,,,,,,,,,,,,,,,,,,,,,,,,,,,,,,,,,,,,,,,,,,,,,,,,,,,,,,,,,,,,,,,,,,,,,,,,,,,,,,,,,,,,,,,,,,,,,,
Spring Creek,Great Miami River (Downstream at Barbie Memorial Park),7,W02341,062823_SPC_7,6/28/2023,2023,Summer,2023,Spring,Lake,0.219,1.735,0.258214376,0.077941018,4.355,0.35,15,22.3,8.32,8.02,92.6,748,5.2,,yes,7/13/2023,7/16/2023,1/31/2024,10/25/2023,,,,,,,,,,,,,,,,,,,,,,,,,,,,,,,,,,,,,,,,,,,,,,,,,,,,,,,,,,,,,,,,,,,,,,,,,,,,,,,,,,,,,,,,,,,,,,,,,,,,,,,,,,
Spring Creek,Springcreek (Upstream of SC Connector),1,W01934,SPC_071423_1,7/14/2023,2023,Summer,2023,Summer,Dayton,0.0015,3.612,0.016296257,0.006296147,3.816,0.034,6,22.2,8.63,8.49,97.6,611,1.6,,,9/6/2023,9/14/2023,8/10/2023,9/29/2023,,,,,,,,,,,,,,,,,,,,,,,,,,,,,,,,,,,,,,,,,,,,,,,,,,,,,,,,,,,,,,,,,,,,,,,,,,,,,,,,,,,,,,,,,,,,,,,,,,,,,,,,,,
Spring Creek,North Pool (Near SC Conncetor),2,W01935,SPC_071423_2,7/14/2023,2023,Summer,2023,Summer,Dayton,0.0015,3.629,0.013485239,0.033712981,4.439,0.014,71,25.6,8.28,13.7,167.8,506,4.7,,,9/6/2023,9/14/2023,8/10/2023,9/29/2023,,,,,,,,,,,,,,,,,,,,,,,,,,,,,,,,,,,,,,,,,,,,,,,,,,,,,,,,,,,,,,,,,,,,,,,,,,,,,,,,,,,,,,,,,,,,,,,,,,,,,,,,,,
Spring Creek,South Pool (Near GMR Connector),4,W01936,SPC_071423_4,7/14/2023,2023,Summer,2023,Summer,Dayton,0.0015,0.113,0.01048522,0.007745404,0.646,0.066,40,26.9,8.37,7.83,98.2,483,21.3,,,9/6/2023,9/14/2023,8/10/2023,9/29/2023,,,,,,,,,,,,,,,,,,,,,,,,,,,,,,,,,,,,,,,,,,,,,,,,,,,,,,,,,,,,,,,,,,,,,,,,,,,,,,,,,,,,,,,,,,,,,,,,,,,,,,,,,,
Spring Creek,Great Miami River (Wetland inflow),5,W01937,SPC_071423_5,7/14/2023,2023,Summer,2023,Summer,Dayton,0.191,2.901,0.025130893,0.025123889,3.391,0.233,50,24.4,8.5,6.47,77.5,627,3.4,,,9/6/2023,9/14/2023,8/10/2023,9/29/2023,,,,,,,,,,,,,,,,,,,,,,,,,,,,,,,,,,,,,,,,,,,,,,,,,,,,,,,,,,,,,,,,,,,,,,,,,,,,,,,,,,,,,,,,,,,,,,,,,,,,,,,,,,
Spring Creek,Great Miami River (Upstream at Covered Bridge),6,W01938,SPC_071423_6,7/14/2023,2023,Summer,2023,Summer,Dayton,0.218,2.628,0.019464127,0.031582984,2.984,0.249,12,26.8,8.8,7.97,99.8,616,2.5,,,9/6/2023,9/14/2023,8/10/2023,9/29/2023,,,,,,,,,,,,,,,,,,,,,,,,,,,,,,,,,,,,,,,,,,,,,,,,,,,,,,,,,,,,,,,,,,,,,,,,,,,,,,,,,,,,,,,,,,,,,,,,,,,,,,,,,,
Spring Creek,Great Miami River (Downstream at Barbie Memorial Park),7,W01939,SPC_071423_7,7/14/2023,2023,Summer,2023,Summer,Dayton,0.23,1.82,0.024221838,0.026907914,3.294,0.28,20,26.1,8.51,7.48,92.4,631,4.3,,,9/6/2023,9/14/2023,8/10/2023,9/29/2023,,,,,,,,,,,,,,,,,,,,,,,,,,,,,,,,,,,,,,,,,,,,,,,,,,,,,,,,,,,,,,,,,,,,,,,,,,,,,,,,,,,,,,,,,,,,,,,,,,,,,,,,,,
Spring Creek,Springcreek (Upstream of SC Connector),1,W01957,SPC_080723_1,8/7/2023,2023,Summer,2023,Summer,Dayton,0.022,1.071,0.019651821,0.009352941,1.486,0.064,4,21.1,8.54,7.76,87.3,479,4.7,,yes,9/20/2023,9/21/2023,8/11/2023,9/29/2023,,,,,,,,,,,,,,,,,,,,,,,,,,,,,,,,,,,,,,,,,,,,,,,,,,,,,,,,,,,,,,,,,,,,,,,,,,,,,,,,,,,,,,,,,,,,,,,,,,,,,,,,,,
Spring Creek,North Pool (Near SC Conncetor),2,W01958,SPC_080723_2,8/7/2023,2023,Summer,2023,Summer,Dayton,0.0015,1.221,0.020415203,0.071766265,1.918,0.024,40,23.7,8.35,7.62,90.1,493.5,15.9,,yes,9/20/2023,9/21/2023,8/11/2023,9/29/2023,,,,,,,,,,,,,,,,,,,,,,,,,,,,,,,,,,,,,,,,,,,,,,,,,,,,,,,,,,,,,,,,,,,,,,,,,,,,,,,,,,,,,,,,,,,,,,,,,,,,,,,,,,
Spring Creek,South Pool (Near GMR Connector),4,W01959,SPC_080723_4,8/7/2023,2023,Summer,2023,Summer,Dayton,0.0015,0.083,0.005676057,0.007681439,0.767,0.092,45,23.9,8.03,8.18,97,405.3,55,,yes,9/20/2023,9/21/2023,8/11/2023,9/29/2023,,,,,,,,,,,,,,,,,,,,,,,,,,,,,,,,,,,,,,,,,,,,,,,,,,,,,,,,,,,,,,,,,,,,,,,,,,,,,,,,,,,,,,,,,,,,,,,,,,,,,,,,,,
Spring Creek,Great Miami River (Wetland inflow),5,W01960,SPC_080723_5,8/7/2023,2023,Summer,2023,Summer,Dayton,0.388,0.548,0.022352371,0.04950494,1.595,0.593,48,23.1,8.34,6.89,80.6,712,5.4,,yes,9/20/2023,9/21/2023,8/11/2023,9/29/2023,,,,,,,,,,,,,,,,,,,,,,,,,,,,,,,,,,,,,,,,,,,,,,,,,,,,,,,,,,,,,,,,,,,,,,,,,,,,,,,,,,,,,,,,,,,,,,,,,,,,,,,,,,
Spring Creek,Great Miami River (Upstream at Covered Bridge),6,W01961,SPC_080723_6,8/7/2023,2023,Summer,2023,Summer,Dayton,0.489,0.793,0.029461857,0.065735318,1.388,0.631,10,23.8,9.00,8.2,97.3,723,2.7,,yes,9/20/2023,9/21/2023,8/11/2023,9/29/2023,,,,,,,,,,,,,,,,,,,,,,,,,,,,,,,,,,,,,,,,,,,,,,,,,,,,,,,,,,,,,,,,,,,,,,,,,,,,,,,,,,,,,,,,,,,,,,,,,,,,,,,,,,
Spring Creek,Great Miami River (Downstream at Barbie Memorial Park),7,W01962,SPC_080723_7,8/7/2023,2023,Summer,2023,Summer,Dayton,0.721,0.88,0.022986421,0.054575474,1.433,0.71,20,23.7,8.65,7.33,86.7,719,4.6,,yes,9/20/2023,9/21/2023,8/11/2023,9/29/2023,,,,,,,,,,,,,,,,,,,,,,,,,,,,,,,,,,,,,,,,,,,,,,,,,,,,,,,,,,,,,,,,,,,,,,,,,,,,,,,,,,,,,,,,,,,,,,,,,,,,,,,,,,
Spring Creek,Springcreek (Upstream of SC Connector),1,W02398,081523_SPC_1,8/15/2023,2023,Summer,2023,Summer,Lake,0.016,0.737,0.009976486,0.0119,1.21,0.044,15,20.4,8.2,8.36,92.8,593,2.2,,,9/6/2023,9/13/2023,6/26/2024,10/6/2023,,,,,,,,,,,,,,,,,,,,,,,,,,,,,,,,,,,,,,,,,,,,,,,,,,,,,,,,,,,,,,,,,,,,,,,,,,,,,,,,,,,,,,,,,,,,,,,,,,,,,,,,,,
Spring Creek,North Pool (Near SC Conncetor),2,W02399,081523_SPC_2,8/15/2023,2023,Summer,2023,Summer,Lake,0.0015,1.256,0.0046013,0.030055754,1.89,0.01,15,22.5,7.57,7.33,84.6,550,7.5,,,9/6/2023,9/13/2023,2/23/2024,10/6/2023,,,,,,,,,,,,,,,,,,,,,,,,,,,,,,,,,,,,,,,,,,,,,,,,,,,,,,,,,,,,,,,,,,,,,,,,,,,,,,,,,,,,,,,,,,,,,,,,,,,,,,,,,,
Spring Creek,South Pool (Near GMR Connector),4,W02401,081523_SPC_4,8/15/2023,2023,Summer,2023,Summer,Lake,0.0015,0.148,0.028994023,0.060472421,0.947,0.101,20,22.4,8.05,7.09,81.7,418.8,21.3,,,9/6/2023,9/13/2023,2/23/2024,10/6/2023,,,,,,,,,,,,,,,,,,,,,,,,,,,,,,,,,,,,,,,,,,,,,,,,,,,,,,,,,,,,,,,,,,,,,,,,,,,,,,,,,,,,,,,,,,,,,,,,,,,,,,,,,,
Spring Creek,Great Miami River (Wetland inflow),5,W02402,081523_SPC_5,8/15/2023,2023,Summer,2023,Summer,Lake,0.224,0.728,0.003705038,0.03395717,1.975,0.419,20,21.8,7.75,6.53,74.6,722,5.1,,,9/6/2023,9/13/2023,2/23/2024,10/6/2023,,,,,,,,,,,,,,,,,,,,,,,,,,,,,,,,,,,,,,,,,,,,,,,,,,,,,,,,,,,,,,,,,,,,,,,,,,,,,,,,,,,,,,,,,,,,,,,,,,,,,,,,,,
Spring Creek,Great Miami River (Upstream at Covered Bridge),6,W02403,081523_SPC_6,8/15/2023,2023,Summer,2023,Summer,Lake,0.391,0.948,0.048017864,0.049551163,1.403,0.46,25,22.2,7.59,7.32,84.1,741,3.34,,,9/6/2023,9/13/2023,2/23/2024,10/6/2023,,,,,,,,,,,,,,,,,,,,,,,,,,,,,,,,,,,,,,,,,,,,,,,,,,,,,,,,,,,,,,,,,,,,,,,,,,,,,,,,,,,,,,,,,,,,,,,,,,,,,,,,,,
Spring Creek,Great Miami River (Downstream at Barbie Memorial Park),7,W02404,081523_SPC_7,8/15/2023,2023,Summer,2023,Summer,Lake,0.365,0.938,0.089209182,0.049161302,1.767,0.432,20,22.3,7.53,5.99,69,653,7.2,,,9/6/2023,9/13/2023,2/23/2024,10/6/2023,,,,,,,,,,,,,,,,,,,,,,,,,,,,,,,,,,,,,,,,,,,,,,,,,,,,,,,,,,,,,,,,,,,,,,,,,,,,,,,,,,,,,,,,,,,,,,,,,,,,,,,,,,
Spring Creek,North Pool (Near SC Conncetor),2,W01991,SPC_091423_2,9/14/2023,2023,Summer,2023,Summer,Dayton,0.0015,0.206,0.024875498,0.013672723,1.065,0.02,40,19.9,8.44,9.37,103.6,462,5.2,,Yes,9/20/2023,9/21/2023,,12/13/2023,,,,,,,,,,,,,,,,,,,,,,,,,,,,,,,,,,,,,,,,,,,,,,,,,,,,,,,,,,,,,,,,,,,,,,,,,,,,,,,,,,,,,,,,,,,,,,,,,,,,,,,,,,
Spring Creek,South Pool (Near GMR Connector),4,W01992,SPC_091423_4,9/14/2023,2023,Summer,2023,Summer,Dayton,0.0015,0.133,0.010607688,0.021718554,0.671,0.026,8,20.3,8.42,12.71,141.5,475,16.9,,Yes,9/20/2023,9/21/2023,,12/13/2023,,,,,,,,,,,,,,,,,,,,,,,,,,,,,,,,,,,,,,,,,,,,,,,,,,,,,,,,,,,,,,,,,,,,,,,,,,,,,,,,,,,,,,,,,,,,,,,,,,,,,,,,,,
Spring Creek,Great Miami River (Wetland inflow),5,W01993,SPC_091423_5,9/14/2023,2023,Summer,2023,Summer,Dayton,0.492,0.319,0.017984381,0.020191791,1.507,0.752,40,18.7,8.31,8.04,86.4,717,3.9,,Yes,9/20/2023,9/21/2023,,12/13/2023,,,,,,,,,,,,,,,,,,,,,,,,,,,,,,,,,,,,,,,,,,,,,,,,,,,,,,,,,,,,,,,,,,,,,,,,,,,,,,,,,,,,,,,,,,,,,,,,,,,,,,,,,,
Spring Creek,Great Miami River (Upstream at Covered Bridge),6,W01994,SPC_091423_6,9/14/2023,2023,Summer,2023,Summer,Dayton,0.563,0.361,0.01624882,0.022893041,1.263,0.718,30,20.5,8.52,9.52,106,723,2.7,,Yes,9/20/2023,9/21/2023,,12/13/2023,,,,,,,,,,,,,,,,,,,,,,,,,,,,,,,,,,,,,,,,,,,,,,,,,,,,,,,,,,,,,,,,,,,,,,,,,,,,,,,,,,,,,,,,,,,,,,,,,,,,,,,,,,
Spring Creek,Great Miami River (Downstream at Barbie Memorial Park),7,W01995,SPC_091423_7,9/14/2023,2023,Summer,2023,Summer,Dayton,0.555,0.408,0.014032213,0.018982987,1.502,0.798,30,19.6,8.4,8.56,93.6,716,4.4,,Yes,9/20/2023,9/21/2023,,12/13/2023,,,,,,,,,,,,,,,,,,,,,,,,,,,,,,,,,,,,,,,,,,,,,,,,,,,,,,,,,,,,,,,,,,,,,,,,,,,,,,,,,,,,,,,,,,,,,,,,,,,,,,,,,,
Spring Creek,North Pool (Near SC Conncetor),2,W02480,103023_SPC_2,10/30/2023,2023,Fall,2024,Fall,Lake,0.0015,0.094,,0.016777585,0.453,0.013,20,11.5,8.1,49.1,5.34,423.5,2.3,hobo completely out of water. When hobo was exchanged it was 6'' off pool bottom. Fixed to be on bottom of pool. ,Yes,12/6/23 (SRP) 12/5/23 (Nox),12/14/2023,3/11/2024,,,,,,,,,,,,,,,,,,,,,,,,,,,,,,,,,,,,,,,,,,,,,,,,,,,,,,,,,,,,,,,,,,,,,,,,,,,,,,,,,,,,,,,,,,,,,,,,,,,,,,,,,,,
Spring Creek,South Pool (Near GMR Connector),4,W02484,103023_SPC_4,10/30/2023,2023,Fall,2024,Fall,Lake,0.0015,0.03,,0.022928525,0.952,0.031,10,10.3,8.1,9.19,82,502,6.6,,Yes,12/6/23 (SRP) 12/5/23 (Nox),12/14/2023,3/11/2024,,,,,,,,,,,,,,,,,,,,,,,,,,,,,,,,,,,,,,,,,,,,,,,,,,,,,,,,,,,,,,,,,,,,,,,,,,,,,,,,,,,,,,,,,,,,,,,,,,,,,,,,,,,
Spring Creek,Great Miami River (Wetland inflow),5,W02482,103023_SPC_5,10/30/2023,2023,Fall,2024,Fall,Lake,0.451,0.543,,0.033536493,1.341,0.554,45,12.5,8.2,8.56,80.5,762,4,,Yes,12/6/23 (SRP) 12/5/23 (Nox),12/14/2023,3/11/2024,,,,,,,,,,,,,,,,,,,,,,,,,,,,,,,,,,,,,,,,,,,,,,,,,,,,,,,,,,,,,,,,,,,,,,,,,,,,,,,,,,,,,,,,,,,,,,,,,,,,,,,,,,,
Spring Creek,Great Miami River (Upstream at Covered Bridge),6,W02479,103023_SPC_6,10/30/2023,2023,Fall,2024,Fall,Lake,0.455,0.449,,0.021786021,1.042,0.575,15,11.4,8.2,8.59,78.8,758,1.4,,Yes,12/6/23 (SRP) 12/5/23 (Nox),12/14/2023,3/11/2024,,,,,,,,,,,,,,,,,,,,,,,,,,,,,,,,,,,,,,,,,,,,,,,,,,,,,,,,,,,,,,,,,,,,,,,,,,,,,,,,,,,,,,,,,,,,,,,,,,,,,,,,,,,
Spring Creek,Great Miami River (Downstream at Barbie Memorial Park),7,W02462,103023_SPC_7,10/30/2023,2023,Fall,2024,Fall,Lake,0.394,0.425,,0.03174173,1.235,0.574,15,12,8.1,8.24,76.5,765,1.4,,Yes,12/6/23 (SRP) 12/5/23 (Nox),12/14/2023,3/11/2024,,,,,,,,,,,,,,,,,,,,,,,,,,,,,,,,,,,,,,,,,,,,,,,,,,,,,,,,,,,,,,,,,,,,,,,,,,,,,,,,,,,,,,,,,,,,,,,,,,,,,,,,,,,
Spring Creek,North Pool (Near SC Conncetor),2,W05092,113023_SPC_2,11/30/2023,2023,Fall,2024,Fall,Lake,0.004,2.362,,0.013132823,2.549,0.01,30,6.3,9.19,14.84,120.8,624,2.7,HOBO REPLACED WITH SOLINST LEVELOGGER AND BARO LOGGER IN SAME LOCATION. LOGGER STILL OUT OF WATER,,12/4/23 (SRP) 12/5/23 (Nox),12/14/2023,3/27/2024,,,,,,,,,,,,,,,,,,,,,,,,,,,,,,,,,,,,,,,,,,,,,,,,,,,,,,,,,,,,,,,,,,,,,,,,,,,,,,,,,,,,,,,,,,,,,,,,,,,,,,,,,,,
Spring Creek,South Pool (Near GMR Connector),4,W05093,113023_SPC_4,11/30/2023,2023,Fall,2024,Fall,Lake,0.0015,0.477,,0.045205258,0.756,0.014,30,3.8,9.02,14.48,110,505,2.9,HOBO REPLACED WITH SOLINST LEVELOGGER,,12/4/23 (SRP) 12/5/23 (Nox),12/14/2023,3/27/2024,,,,,,,,,,,,,,,,,,,,,,,,,,,,,,,,,,,,,,,,,,,,,,,,,,,,,,,,,,,,,,,,,,,,,,,,,,,,,,,,,,,,,,,,,,,,,,,,,,,,,,,,,,,
Spring Creek,Great Miami River (Wetland inflow),5,W05094,113023_SPC_5,11/30/2023,2023,Fall,2024,Fall,Lake,0.506,2.341,,0.008084887,3.174,0.456,50,3.7,9.35,14.66,111.2,816,1.95,,,12/4/23 (SRP) 12/5/23 (Nox),12/14/2023,3/27/2024,,,,,,,,,,,,,,,,,,,,,,,,,,,,,,,,,,,,,,,,,,,,,,,,,,,,,,,,,,,,,,,,,,,,,,,,,,,,,,,,,,,,,,,,,,,,,,,,,,,,,,,,,,,
Spring Creek,Great Miami River (Upstream at Covered Bridge),6,W05095,113023_SPC_6,11/30/2023,2023,Fall,2024,Fall,Lake,0.496,2.299,,0.008855179,2.651,0.513,30,4,9.25,16.26,124.4,806,2.5,,,12/4/23 (SRP) 12/5/23 (Nox),12/14/2023,3/27/2024,,,,,,,,,,,,,,,,,,,,,,,,,,,,,,,,,,,,,,,,,,,,,,,,,,,,,,,,,,,,,,,,,,,,,,,,,,,,,,,,,,,,,,,,,,,,,,,,,,,,,,,,,,,
Spring Creek,Great Miami River (Downstream at Barbie Memorial Park),7,W05096,113023_SPC_7,11/30/2023,2023,Fall,2024,Fall,Lake,0.45,2.268,,0.004211111,2.922,0.512,35,4.2,9.22,15.16,116.6,813,1.6,,,12/4/23 (SRP) 12/5/23 (Nox),12/14/2023,3/27/2024,,,,,,,,,,,,,,,,,,,,,,,,,,,,,,,,,,,,,,,,,,,,,,,,,,,,,,,,,,,,,,,,,,,,,,,,,,,,,,,,,,,,,,,,,,,,,,,,,,,,,,,,,,,
Spring Creek,North Pool (Near SC Conncetor),2,W05101,121923_SPC_2,12/19/2023,2023,Winter,2024,Fall,Lake,0.0015,2.008,,0.020865294,2.604,0.013,35,3.3,8.71,12.22,91.7,611,3.2,LOGGER STILL OUT OF WATER,,2/1/2024,2/7/2024,3/27/2024,,,,,,,,,,,,,,,,,,,,,,,,,,,,,,,,,,,,,,,,,,,,,,,,,,,,,,,,,,,,,,,,,,,,,,,,,,,,,,,,,,,,,,,,,,,,,,,,,,,,,,,,,,,
Spring Creek,South Pool (Near GMR Connector),4,W05102,121923_SPC_4,12/19/2023,2023,Winter,2024,Fall,Lake,0.0015,0.678,,0.033365608,1.315,0.034,15,2.2,8.81,10.12,73.8,601,6.7,,,2/1/2024,2/7/2024,3/27/2024,,,,,,,,,,,,,,,,,,,,,,,,,,,,,,,,,,,,,,,,,,,,,,,,,,,,,,,,,,,,,,,,,,,,,,,,,,,,,,,,,,,,,,,,,,,,,,,,,,,,,,,,,,,
Spring Creek,Great Miami River (Wetland inflow),5,W05109,121923_SPC_5,12/19/2023,2023,Winter,2024,Fall,Lake,0.41,2.279,,0.304670926,3.461,0.414,50,3.2,8.67,12.84,96.1,812,3.8,,,2/1/2024,2/7/2024,3/27/2024,,,,,,,,,,,,,,,,,,,,,,,,,,,,,,,,,,,,,,,,,,,,,,,,,,,,,,,,,,,,,,,,,,,,,,,,,,,,,,,,,,,,,,,,,,,,,,,,,,,,,,,,,,,
Spring Creek,Great Miami River (Upstream at Covered Bridge),6,W05110,121923_SPC_6,12/19/2023,2023,Winter,2024,Fall,Lake,0.429,2.117,,0.28401527,3.561,0.446,30,2.9,8.86,14.5,107.9,813,2.8,,,2/1/2024,2/7/2024,3/27/2024,,,,,,,,,,,,,,,,,,,,,,,,,,,,,,,,,,,,,,,,,,,,,,,,,,,,,,,,,,,,,,,,,,,,,,,,,,,,,,,,,,,,,,,,,,,,,,,,,,,,,,,,,,,
Spring Creek,Great Miami River (Downstream at Barbie Memorial Park),7,W05111,121923_SPC_7,12/19/2023,2023,Winter,2024,Fall,Lake,0.391,2.21,,0.310175677,3.702,0.45,55,2.6,8.4,13.23,97.5,823,2.3,,,2/1/2024,2/7/2024,3/27/2024,,,,,,,,,,,,,,,,,,,,,,,,,,,,,,,,,,,,,,,,,,,,,,,,,,,,,,,,,,,,,,,,,,,,,,,,,,,,,,,,,,,,,,,,,,,,,,,,,,,,,,,,,,,
Spring Creek,Springcreek (Upstream of SC Connector),1,W05069,011524_SPC_1,1/15/2024,2024,Winter,2024,Winter,Lake,0.027,7.83,,0.007225604,8.193,0.051,50,0,7.47,14.63,100.3,640,8.5,falling limb - 1in of precip in 24hrs,,2/1/2024,2/8/2024,4/12/2024,,,,,,,,,,,,,,,,,,,,,,,,,,,,,,,,,,,,,,,,,,,,,,,,,,,,,,,,,,,,,,,,,,,,,,,,,,,,,,,,,,,,,,,,,,,,,,,,,,,,,,,,,,,
Spring Creek,North Pool (Near SC Conncetor),2,W05070,011524_SPC_2,1/15/2024,2024,Winter,2024,Winter,Lake,0.006,2.383,,0.007615279,2.585,0.005,40,0.2,7.28,14.24,98.2,649,5.4,falling limb - 1in of precip in 24hrs,,2/1/2024,2/8/2024,4/12/2024,,,,,,,,,,,,,,,,,,,,,,,,,,,,,,,,,,,,,,,,,,,,,,,,,,,,,,,,,,,,,,,,,,,,,,,,,,,,,,,,,,,,,,,,,,,,,,,,,,,,,,,,,,,
Spring Creek,Connecting Channel,3,W05071,011524_SPC_3,1/15/2024,2024,Winter,2024,Winter,Lake,0.0015,5.22,,0.058484361,5.521,0.038,40,0,7.19,12.4,85,634,11.8,falling limb - 1in of precip in 24hrs,,2/1/2024 (NOX) 9/16/24 (SRP),2/8/2024,4/12/2024,,,,,,,,,,,,,,,,,,,,,,,,,,,,,,,,,,,,,,,,,,,,,,,,,,,,,,,,,,,,,,,,,,,,,,,,,,,,,,,,,,,,,,,,,,,,,,,,,,,,,,,,,,,
Spring Creek,South Pool (Near GMR Connector),4,W05072,011524_SPC_4,1/15/2024,2024,Winter,2024,Winter,Lake,0.003,1.465,,0.072570734,1.979,0.011,40,0,7.36,11.31,77.5,595,22.7,falling limb - 1in of precip in 24hrs,,2/1/2024,2/8/2024,4/12/2024,,,,,,,,,,,,,,,,,,,,,,,,,,,,,,,,,,,,,,,,,,,,,,,,,,,,,,,,,,,,,,,,,,,,,,,,,,,,,,,,,,,,,,,,,,,,,,,,,,,,,,,,,,,
Spring Creek,Great Miami River (Wetland inflow),5,W05073,011524_SPC_5,1/15/2024,2024,Winter,2024,Winter,Lake,0.103,7.708,,0.167645114,8.334,0.246,60,0,7.56,14.58,99.9,619,46.7,falling limb - 1in of precip in 24hrs,,2/1/2024,2/8/2024,4/12/2024,,,,,,,,,,,,,,,,,,,,,,,,,,,,,,,,,,,,,,,,,,,,,,,,,,,,,,,,,,,,,,,,,,,,,,,,,,,,,,,,,,,,,,,,,,,,,,,,,,,,,,,,,,,
Spring Creek,Great Miami River (Upstream at Covered Bridge),6,W05074,011524_SPC_6,1/15/2024,2024,Winter,2024,Winter,Lake,0.174,6.301,,0.27710515,7.938,0.332,45,0,7.7,14.55,99.7,552,58.7,falling limb - 1in of precip in 24hrs,,2/1/2024,9/19/2024,4/12/2024,,,,,,,,,,,,,,,,,,,,,,,,,,,,,,,,,,,,,,,,,,,,,,,,,,,,,,,,,,,,,,,,,,,,,,,,,,,,,,,,,,,,,,,,,,,,,,,,,,,,,,,,,,,
Spring Creek,Great Miami River (Downstream at Barbie Memorial Park),7,W05075,011524_SPC_7,1/15/2024,2024,Winter,2024,Winter,Lake,0.138,5.164,,0.404452125,5.42,0.343,40,0,7.63,14.01,96,534,70.8,falling limb - 1in of precip in 24hrs,,2/1/2024,2/8/2024,3/11/2024,,,,,,,,,,,,,,,,,,,,,,,,,,,,,,,,,,,,,,,,,,,,,,,,,,,,,,,,,,,,,,,,,,,,,,,,,,,,,,,,,,,,,,,,,,,,,,,,,,,,,,,,,,,
Spring Creek,Field Duplicate - Springcreek,Dupe,W05081,011524_SPC_DUPE1,1/15/2024,2024,Winter,2024,Winter,Lake,0.018,5.933,,0.010757446,8.14,0.05,50,,,,,,,falling limb - 1in of precip in 24hrs. no physiochemical measurements taken. Duplicate of springcreek sample,,2/1/2024,2/8/2024,4/12/2024,,,,,,,,,,,,,,,,,,,,,,,,,,,,,,,,,,,,,,,,,,,,,,,,,,,,,,,,,,,,,,,,,,,,,,,,,,,,,,,,,,,,,,,,,,,,,,,,,,,,,,,,,,,
Spring Creek,Springcreek (Upstream of SC Connector),1,W05210,021524_SPC_1,2/15/2024,2024,Winter,2024,Winter,Lake,0.003,3.008,,0.003647796,5.041,0.01454508,55,3.7,7.79,14.47,109.3,643,1.7,,,4/8/2024,4/17/2024,3/18/2024,,,,,,,,,,,,,,,,,,,,,,,,,,,,,,,,,,,,,,,,,,,,,,,,,,,,,,,,,,,,,,,,,,,,,,,,,,,,,,,,,,,,,,,,,,,,,,,,,,,,,,,,,,,
Spring Creek,North Pool (Near SC Conncetor),2,W05255,021524_SPC_2,2/15/2024,2024,Winter,2024,Winter,Lake,0.0015,3.508,,0.001117605,4.949,0.014668588,35,7.5,7.66,12.88,107.5,568,4.9,,,4/8/2024,4/17/2024,3/18/2024,,,,,,,,,,,,,,,,,,,,,,,,,,,,,,,,,,,,,,,,,,,,,,,,,,,,,,,,,,,,,,,,,,,,,,,,,,,,,,,,,,,,,,,,,,,,,,,,,,,,,,,,,,,
Spring Creek,Connecting Channel,3,W05254,021524_SPC_3,2/15/2024,2024,Winter,2024,Winter,Lake,0.0015,1.294,,0.002564075,3.065,0.021745574,20,5.1,7.85,18.67,146.7,517,2.6,Large amount of algae on the pool bottom,,4/8/2024,4/17/2024,3/18/2024,,,,,,,,,,,,,,,,,,,,,,,,,,,,,,,,,,,,,,,,,,,,,,,,,,,,,,,,,,,,,,,,,,,,,,,,,,,,,,,,,,,,,,,,,,,,,,,,,,,,,,,,,,,
Spring Creek,South Pool (Near GMR Connector),4,W05172,021524_SPC_4,2/15/2024,2024,Winter,2024,Winter,Lake,0.0015,0.654,,0.002364802,1.545,0.046195965,30,8.3,7.96,13.63,116.2,547,5.3,,,4/8/2024,4/17/2024,3/18/2024,,,,,,,,,,,,,,,,,,,,,,,,,,,,,,,,,,,,,,,,,,,,,,,,,,,,,,,,,,,,,,,,,,,,,,,,,,,,,,,,,,,,,,,,,,,,,,,,,,,,,,,,,,,
Spring Creek,Great Miami River (Wetland inflow),5,W05160,021524_SPC_5,2/15/2024,2024,Winter,2024,Winter,Lake,0.019,2.525,,0.00838319,4.548,0.07049403,65,5.7,7.72,12.47,99.7,704,3.2,,,4/8/2024,4/17/2024,3/18/2024,,,,,,,,,,,,,,,,,,,,,,,,,,,,,,,,,,,,,,,,,,,,,,,,,,,,,,,,,,,,,,,,,,,,,,,,,,,,,,,,,,,,,,,,,,,,,,,,,,,,,,,,,,,
Spring Creek,Great Miami River (Upstream at Covered Bridge),6,W05158,021524_SPC_6,2/15/2024,2024,Winter,2024,Winter,Lake,0.018,1.966,,0.029682934,4.212,0.081683821,30,5.7,7.9,13,103.9,718,3.1,,,4/8/2024,4/17/2024,3/20/2024,,,,,,,,,,,,,,,,,,,,,,,,,,,,,,,,,,,,,,,,,,,,,,,,,,,,,,,,,,,,,,,,,,,,,,,,,,,,,,,,,,,,,,,,,,,,,,,,,,,,,,,,,,,
Spring Creek,Great Miami River (Downstream at Barbie Memorial Park),7,W05084,021524_SPC_7,2/15/2024,2024,Winter,2024,Winter,Lake,0.021,2.731,,0.02735427,4.163,0.071873199,20,5.7,7.83,12.82,102.1,719,3.3,,,4/8/2024,4/17/2024,3/20/2024,,,,,,,,,,,,,,,,,,,,,,,,,,,,,,,,,,,,,,,,,,,,,,,,,,,,,,,,,,,,,,,,,,,,,,,,,,,,,,,,,,,,,,,,,,,,,,,,,,,,,,,,,,,
Spring Creek,Blank,Blank,W05303,021524_SPC_BLANK,2/15/2024,2024,Winter,2024,Winter,Lake,0.0015,0.03,,0.0618,,,,,,,,,,,,4/8/2024,,5/21/2024,,,,,,,,,,,,,,,,,,,,,,,,,,,,,,,,,,,,,,,,,,,,,,,,,,,,,,,,,,,,,,,,,,,,,,,,,,,,,,,,,,,,,,,,,,,,,,,,,,,,,,,,,,,
Spring Creek,Duplicate,Dupe,W05162,021524_SPC_DUPE,2/15/2024,2024,Winter,2024,Winter,Lake,0.0015,3.563,,0.005914643,4.683,0.011704405,55,3.5,7.8,14.47,109.3,643,1.6,,,4/8/2024,4/17/2024,3/20/2024,,,,,,,,,,,,,,,,,,,,,,,,,,,,,,,,,,,,,,,,,,,,,,,,,,,,,,,,,,,,,,,,,,,,,,,,,,,,,,,,,,,,,,,,,,,,,,,,,,,,,,,,,,,
Spring Creek,Springcreek (Upstream of SC Connector),1,W05319,031424_SPC_1,3/14/2024,2024,Winter,2024,Winter,Lake,0.006,6.093,,0.0869,7.402,0.023,50,11.5,8.07,11.11,102.3,633,5.2,,,4/8/2024,4/16/2024,5/21/2024,,,,,,,,,,,,,,,,,,,,,,,,,,,,,,,,,,,,,,,,,,,,,,,,,,,,,,,,,,,,,,,,,,,,,,,,,,,,,,,,,,,,,,,,,,,,,,,,,,,,,,,,,,,
Spring Creek,North Pool (Near SC Conncetor),2,W05320,031424_SPC_2,3/14/2024,2024,Winter,2024,Winter,Lake,0.0015,4.415,,0.0104,5.268,0.005,60,13,7.77,11.33,107.7,604,3.8,,,4/8/2024,4/16/2024,5/21/2024,,,,,,,,,,,,,,,,,,,,,,,,,,,,,,,,,,,,,,,,,,,,,,,,,,,,,,,,,,,,,,,,,,,,,,,,,,,,,,,,,,,,,,,,,,,,,,,,,,,,,,,,,,,
Spring Creek,Connecting Channel,3,W05321,031424_SPC_3,3/14/2024,2024,Winter,2024,Winter,Lake,0.0015,4.269,,0.0424,5.355,0.01,35,13,7.89,11.47,109,593,2.4,,,4/8/2024,4/16/2024,5/21/2024,,,,,,,,,,,,,,,,,,,,,,,,,,,,,,,,,,,,,,,,,,,,,,,,,,,,,,,,,,,,,,,,,,,,,,,,,,,,,,,,,,,,,,,,,,,,,,,,,,,,,,,,,,,
Spring Creek,South Pool (Near GMR Connector),4,W05322,031424_SPC_4,3/14/2024,2024,Winter,2024,Winter,Lake,0.0015,1.191,,0.0145,2.284,0.038,55,14.6,7.93,12.05,118.9,567,9.8,,,4/8/2024,4/16/2024,5/21/2024,,,,,,,,,,,,,,,,,,,,,,,,,,,,,,,,,,,,,,,,,,,,,,,,,,,,,,,,,,,,,,,,,,,,,,,,,,,,,,,,,,,,,,,,,,,,,,,,,,,,,,,,,,,
Spring Creek,Great Miami River (Wetland inflow),5,W05323,031424_SPC_5,3/14/2024,2024,Winter,2024,Winter,Lake,0.016,6.132,,0.009,6.99,0.092,60,11.5,8.06,10.43,96,654,11.4,,,4/8/2024,4/16/2024,5/21/2024,,,,,,,,,,,,,,,,,,,,,,,,,,,,,,,,,,,,,,,,,,,,,,,,,,,,,,,,,,,,,,,,,,,,,,,,,,,,,,,,,,,,,,,,,,,,,,,,,,,,,,,,,,,
Spring Creek,Great Miami River (Upstream at Covered Bridge),6,W05324,031424_SPC_6,3/14/2024,2024,Winter,2024,Winter,Lake,0.026,5.874,,0.006,7.554,0.127,60,11.8,8.17,10.51,97.4,674,14.2,,,4/8/2024,4/16/2024,5/21/2024,,,,,,,,,,,,,,,,,,,,,,,,,,,,,,,,,,,,,,,,,,,,,,,,,,,,,,,,,,,,,,,,,,,,,,,,,,,,,,,,,,,,,,,,,,,,,,,,,,,,,,,,,,,
Spring Creek,Great Miami River (Downstream at Barbie Memorial Park),7,W05325,031424_SPC_7,3/14/2024,2024,Winter,2024,Winter,Lake,0.022,5.922,,0.0219,7.481,0.114,50,11.6,8.12,10.48,97,672,14.1,,,4/8/2024,4/16/2024,5/21/2024,,,,,,,,,,,,,,,,,,,,,,,,,,,,,,,,,,,,,,,,,,,,,,,,,,,,,,,,,,,,,,,,,,,,,,,,,,,,,,,,,,,,,,,,,,,,,,,,,,,,,,,,,,,
Spring Creek,Duplicate,Dupe,W05326,031424_SPC_DUPE,3/14/2024,2024,Winter,2024,Winter,Lake,0.003,6.316,,0.01,6.964,0.03,50,11.1,8.02,11.15,101.7,628,5.8,,,4/8/2024,4/16/2024,5/21/2024,,,,,,,,,,,,,,,,,,,,,,,,,,,,,,,,,,,,,,,,,,,,,,,,,,,,,,,,,,,,,,,,,,,,,,,,,,,,,,,,,,,,,,,,,,,,,,,,,,,,,,,,,,,
Spring Creek,Springcreek (Upstream of SC Connector),1,W05315,040424_SPC_1,4/4/2024,2024,Spring,2024,Spring,Lake,0.068,3.996,,0.0332,5.971,0.216,-999,8.4,7.84,11.13,95.1,375.3,56.7,usgs troy gmr gage reached 12.7 ft. flowing too fast to get water depth. Taken from the road,,5/23/2024,4/24/24 (TP) 4/25/24 (TN),5/9/2024,,,,,,,,,,,,,,,,,,,,,,,,,,,,,,,,,,,,,,,,,,,,,,,,,,,,,,,,,,,,,,,,,,,,,,,,,,,,,,,,,,,,,,,,,,,,,,,,,,,,,,,,,,,
Spring Creek,North Pool (Near SC Conncetor),2,W05316,040424_SPC_2,4/4/2024,2024,Spring,2024,Spring,Lake,0.08,4.222,,0.0357,5.431,0.228,50,10.1,8.24,10.73,94.9,368,63.3,,,5/23/2024,4/24/24 (TP) 4/25/24 (TN),5/9/2024,,,,,,,,,,,,,,,,,,,,,,,,,,,,,,,,,,,,,,,,,,,,,,,,,,,,,,,,,,,,,,,,,,,,,,,,,,,,,,,,,,,,,,,,,,,,,,,,,,,,,,,,,,,
Spring Creek,Connecting Channel,3,,NO SAMPLE,4/4/2024,2024,Spring,2024,Spring,Lake,,,,,,,,,,,,,,WATER LEVEL TOO HIGH TO ACCESS SAMPLING LOCATION,,,,,,,,,,,,,,,,,,,,,,,,,,,,,,,,,,,,,,,,,,,,,,,,,,,,,,,,,,,,,,,,,,,,,,,,,,,,,,,,,,,,,,,,,,,,,,,,,,,,,,,,,,,,,,,
Spring Creek,South Pool (Near GMR Connector),4,W05318,040424_SPC_4,4/4/2024,2024,Spring,2024,Spring,Lake,0.085,4.403,,0.0385,5.143,0.254,25,8.8,7.7,10.27,88.9,352.2,63,,,5/23/2024,4/24/24 (TP) 4/25/24 (TN),5/9/2024,,,,,,,,,,,,,,,,,,,,,,,,,,,,,,,,,,,,,,,,,,,,,,,,,,,,,,,,,,,,,,,,,,,,,,,,,,,,,,,,,,,,,,,,,,,,,,,,,,,,,,,,,,,
Spring Creek,Great Miami River (Wetland inflow),5,,NO SAMPLE - concs for site 4 applied for load calcs,4/4/2024,2024,Spring,2024,Spring,Lake,0.178,4.293,,0.1001,4.162,0.425,,,,,,,,WATER LEVEL TOO HIGH TO ACCESS SAMPLING LOCATION,,,,,,,,,,,,,,,,,,,,,,,,,,,,,,,,,,,,,,,,,,,,,,,,,,,,,,,,,,,,,,,,,,,,,,,,,,,,,,,,,,,,,,,,,,,,,,,,,,,,,,,,,,,,,,,
Spring Creek,Great Miami River (Upstream at Covered Bridge),6,W05328,040424_SPC_6,4/4/2024,2024,Spring,2024,Spring,Lake,0.178,4.293,,0.1001,4.162,0.425,-999,9,7.88,10.13,87.9,306.3,156,,,5/23/2024,9/19/24 (TP) 4/25/24 (TN),5/9/2024,,,,,,,,,,,,,,,,,,,,,,,,,,,,,,,,,,,,,,,,,,,,,,,,,,,,,,,,,,,,,,,,,,,,,,,,,,,,,,,,,,,,,,,,,,,,,,,,,,,,,,,,,,,
Spring Creek,Great Miami River (Downstream at Barbie Memorial Park),7,W05329,040424_SPC_7,4/4/2024,2024,Spring,2024,Spring,Lake,0.18,4.383,,0.1091,5.488,0.512,60,9.2,7.78,10.11,87.9,305.9,158,,,5/23/2024,4/24/24 (TP) 4/25/24 (TN),5/9/2024,,,,,,,,,,,,,,,,,,,,,,,,,,,,,,,,,,,,,,,,,,,,,,,,,,,,,,,,,,,,,,,,,,,,,,,,,,,,,,,,,,,,,,,,,,,,,,,,,,,,,,,,,,,
Spring Creek,Duplicate - Great Miami River (Downstream at Barbie Memorial Park),Dupe,W05330,040424_SPC_DUPE,4/4/2024,2024,Spring,2024,Spring,Lake,0.182,4.388,,0.1038,6.218,0.477,60,9.2,7.79,10.11,87.9,305.9,157,duplicate of great maimi river (downstream at barbie park),,5/23/2024,4/24/24 (TP) 4/25/24 (TN),5/9/2024,,,,,,,,,,,,,,,,,,,,,,,,,,,,,,,,,,,,,,,,,,,,,,,,,,,,,,,,,,,,,,,,,,,,,,,,,,,,,,,,,,,,,,,,,,,,,,,,,,,,,,,,,,,
Spring Creek,Springcreek (Upstream of SC Connector),1,W05317,041624_SPC_1,4/16/2024,2024,Spring,2024,Spring,Lake,0.008,5.755,,0.0498,5.749,0.005,50,15.3,8.39,10.86,108.6,592,5,Not flowing into wetland,,05.24.2024,4/23/24 (TN) 4/26/24 (TP),5/15/2024,,,,,,,,,,,,,,,,,,,,,,,,,,,,,,,,,,,,,,,,,,,,,,,,,,,,,,,,,,,,,,,,,,,,,,,,,,,,,,,,,,,,,,,,,,,,,,,,,,,,,,,,,,,
Spring Creek,North Pool (Near SC Conncetor),2,W05327,041624_SPC_2,4/16/2024,2024,Spring,2024,Spring,Lake,0.003,2.795,,0.0641,4.169,0.027,45,17.9,8.41,13.88,146.4,486.4,9.6,,,05.24.2024,4/23/24 (TN) 4/26/24 (TP),5/15/2024,,,,,,,,,,,,,,,,,,,,,,,,,,,,,,,,,,,,,,,,,,,,,,,,,,,,,,,,,,,,,,,,,,,,,,,,,,,,,,,,,,,,,,,,,,,,,,,,,,,,,,,,,,,
Spring Creek,Connecting Channel,3,W05351,041624_SPC_3,4/16/2024,2024,Spring,2024,Spring,Lake,0.0015,2.677,,0.0312,3.696,0.103,60,18.3,8.39,11.47,122.2,461.3,17.9,water connection to both north and south pool,,05.24.2024,4/24/24 (TP) 4/25/24 (TN),5/15/2024,,,,,,,,,,,,,,,,,,,,,,,,,,,,,,,,,,,,,,,,,,,,,,,,,,,,,,,,,,,,,,,,,,,,,,,,,,,,,,,,,,,,,,,,,,,,,,,,,,,,,,,,,,,
Spring Creek,South Pool (Near GMR Connector),4,W05353,041624_SPC_4,4/16/2024,2024,Spring,2024,Spring,Lake,0.042,3.341,,0.0283,4.821,0.191,50,19.1,8.32,11.18,120.8,400.2,39.4,,,05.24.2024,4/24/24 (TP) 4/25/24 (TN),5/15/2024,,,,,,,,,,,,,,,,,,,,,,,,,,,,,,,,,,,,,,,,,,,,,,,,,,,,,,,,,,,,,,,,,,,,,,,,,,,,,,,,,,,,,,,,,,,,,,,,,,,,,,,,,,,
Spring Creek,Great Miami River (Wetland inflow),5,W05436,041624_SPC_5,4/16/2024,2024,Spring,2024,Spring,Lake,0.051,3.956,,0.0461,4.715,0.055,,15.7,8.18,9.45,95.5,530,39.8,,,05.24.2024,4/24/24 (TP) 4/25/24 (TN),5/15/2024,,,,,,,,,,,,,,,,,,,,,,,,,,,,,,,,,,,,,,,,,,,,,,,,,,,,,,,,,,,,,,,,,,,,,,,,,,,,,,,,,,,,,,,,,,,,,,,,,,,,,,,,,,,
Spring Creek,Great Miami River (Upstream at Covered Bridge),6,W03437,041624_SPC_6,4/16/2024,2024,Spring,2024,Spring,Lake,0.059,3.166,,0.0407,4.108,0.123,40,16.8,8.4,9.23,95.6,503,50.8,Sticker said W05437 which was filled out for SEAL. Survey was filled out as W03437. Sample ID number was then changed to W03437 to reflect the survey,,05.24.2024,4/24/24 (TP) 4/25/24 (TN),5/15/2024,,,,,,,,,,,,,,,,,,,,,,,,,,,,,,,,,,,,,,,,,,,,,,,,,,,,,,,,,,,,,,,,,,,,,,,,,,,,,,,,,,,,,,,,,,,,,,,,,,,,,,,,,,,
Spring Creek,Great Miami River (Downstream at Barbie Memorial Park),7,W05438,041624_SPC_7,4/16/2024,2024,Spring,2024,Spring,Lake,0.064,3.147,,0.0688,5.043,0.152,35,16.5,8.05,9.13,93.7,507,48.5,,,05.24.2024,4/24/24 (TP) 4/25/24 (TN),5/15/2024,,,,,,,,,,,,,,,,,,,,,,,,,,,,,,,,,,,,,,,,,,,,,,,,,,,,,,,,,,,,,,,,,,,,,,,,,,,,,,,,,,,,,,,,,,,,,,,,,,,,,,,,,,,
Spring Creek,Duplicate - Springcreek (Upstream of SC Connector),Dupe,W05439,041624_SPC_DUPE,4/16/2024,2024,Spring,2024,Spring,Lake,0.013,5.427,,0.054,7.179,0.012,50,15.3,8.32,10.87,108.8,592,5.1,field duplicate of springcreek site 1,,5/23/2024,4/24/24 (TP) 9/19/24 (TN),5/15/2024,,,,,,,,,,,,,,,,,,,,,,,,,,,,,,,,,,,,,,,,,,,,,,,,,,,,,,,,,,,,,,,,,,,,,,,,,,,,,,,,,,,,,,,,,,,,,,,,,,,,,,,,,,,
Spring Creek,Springcreek (Upstream of SC Connector),1,W05217,052024_SPC_1,5/20/2024,2024,Spring,2024,Spring,Lake,0.004,5.421,,0.0308,6.479,0.012,58,20.4,8.63,9.35,103.9,646,3.1,NOT FLOWING INTO WETLAND,,05.28.24,6/3/2024,5/22/2024,,,,,,,,,,,,,,,,,,,,,,,,,,,,,,,,,,,,,,,,,,,,,,,,,,,,,,,,,,,,,,,,,,,,,,,,,,,,,,,,,,,,,,,,,,,,,,,,,,,,,,,,,,,
Spring Creek,North Pool (Near SC Conncetor),2,W05218,052024_SPC_2,5/20/2024,2024,Spring,2024,Spring,Lake,0.0015,3.522,,0.0211,4.31,0.005,45,22.1,8.68,13.03,149.8,543,4.7,FLOWING INTO CONNECTING CHANNEL. ALGAE AND VEGETATION GROWTH,,05.28.24,6/3/2024,5/22/2024,,,,,,,,,,,,,,,,,,,,,,,,,,,,,,,,,,,,,,,,,,,,,,,,,,,,,,,,,,,,,,,,,,,,,,,,,,,,,,,,,,,,,,,,,,,,,,,,,,,,,,,,,,,
Spring Creek,Connecting Channel,3,W05220,052024_SPC_3,5/20/2024,2024,Spring,2024,Spring,Lake,0.0015,2.361,,0.01,3.42,0.005,20,24.4,8.72,11.22,134.6,527,2.7,FLOWING INTO GMR POOL. ALGAE AND VEGETATION GROWTH,,05.28.24,6/3/2024,5/22/2024,,,,,,,,,,,,,,,,,,,,,,,,,,,,,,,,,,,,,,,,,,,,,,,,,,,,,,,,,,,,,,,,,,,,,,,,,,,,,,,,,,,,,,,,,,,,,,,,,,,,,,,,,,,
Spring Creek,South Pool (Near GMR Connector),4,W05226,052024_SPC_4,5/20/2024,2024,Spring,2024,Spring,Lake,0.0015,1.187,,0.0679,2.306,0.026,50,25.6,8.37,9.42,115.5,480.6,9.5,,,05.28.24,6/3/2024,5/22/2024,,,,,,,,,,,,,,,,,,,,,,,,,,,,,,,,,,,,,,,,,,,,,,,,,,,,,,,,,,,,,,,,,,,,,,,,,,,,,,,,,,,,,,,,,,,,,,,,,,,,,,,,,,,
Spring Creek,Great Miami River (Wetland inflow),5,W05227,052024_SPC_5,5/20/2024,2024,Spring,2024,Spring,Lake,0.034,3.754,,0.0619,5.432,0.158,66,20.9,8.45,8.04,90.2,572,33.1,not flowing into wetland,,05.28.24,6/3/2024,5/22/2024,,,,,,,,,,,,,,,,,,,,,,,,,,,,,,,,,,,,,,,,,,,,,,,,,,,,,,,,,,,,,,,,,,,,,,,,,,,,,,,,,,,,,,,,,,,,,,,,,,,,,,,,,,,
Spring Creek,Great Miami River (Upstream at Covered Bridge),6,W05235,052024_SPC_6,5/20/2024,2024,Spring,2024,Spring,Lake,0.035,2.95,,0.0688,4.782,0.204,44,22.1,8.41,7.92,90.9,538,44.8,,,05.28.24,6/3/2024,5/22/2024,,,,,,,,,,,,,,,,,,,,,,,,,,,,,,,,,,,,,,,,,,,,,,,,,,,,,,,,,,,,,,,,,,,,,,,,,,,,,,,,,,,,,,,,,,,,,,,,,,,,,,,,,,,
Spring Creek,Great Miami River (Downstream at Barbie Memorial Park),7,W05238,052024_SPC_7,5/20/2024,2024,Spring,2024,Spring,Lake,0.05,3.59,,0.0569,4.608,0.2,22,22.6,8.87,7.59,88.4,536,45.8,,,05.28.24,6/3/2024,5/22/2024,,,,,,,,,,,,,,,,,,,,,,,,,,,,,,,,,,,,,,,,,,,,,,,,,,,,,,,,,,,,,,,,,,,,,,,,,,,,,,,,,,,,,,,,,,,,,,,,,,,,,,,,,,,
Spring Creek,Field Blank,Blank,W03024,052024_SPC_BLANK,5/20/2024,2024,Spring,2024,Spring,Lake,0.0015,0.03,,0.0378,,,,,,,,,,field blank. DI water filtered in the field,,05.28.24,,5/22/2024,,,,,,,,,,,,,,,,,,,,,,,,,,,,,,,,,,,,,,,,,,,,,,,,,,,,,,,,,,,,,,,,,,,,,,,,,,,,,,,,,,,,,,,,,,,,,,,,,,,,,,,,,,,
Spring Creek,Duplicate - Springcreek (Upstream of SC Connector),Dupe,W05480,052024_SPC_DUPE,5/20/2024,2024,Spring,2024,Spring,Lake,0.008,4.327,,0.0453,6.387,0.005,58,20,8.53,9.24,101.9,638,3.4,field duplicate of springcreek site 1,,05.28.24,6/3/2024,5/22/2024,,,,,,,,,,,,,,,,,,,,,,,,,,,,,,,,,,,,,,,,,,,,,,,,,,,,,,,,,,,,,,,,,,,,,,,,,,,,,,,,,,,,,,,,,,,,,,,,,,,,,,,,,,,
Spring Creek,Springcreek (Upstream of SC Connector),1,W03048,061724_SPC_1,6/17/2024,2024,Summer,2024,Spring,Lake,0.016,4.195,,0.0384,4.365,0.031,58,22.4,8.58,8.34,96.8,638,4.42,,,7/16/2024,8/13/2024,6/26/2024,,,,,,,,,,,,,,,,,,,,,,,,,,,,,,,,,,,,,,,,,,,,,,,,,,,,,,,,,,,,,,,,,,,,,,,,,,,,,,,,,,,,,,,,,,,,,,,,,,,,,,,,,,,
Spring Creek,North Pool (Near SC Conncetor),2,W03049,061724_SPC_2,6/17/2024,2024,Summer,2024,Spring,Lake,0.003,2.586,,0.0537,3.227,0.005,32,24.5,8.05,12.53,149.8,484,4.68,,,7/16/2024,8/13/2024,6/26/2024,,,,,,,,,,,,,,,,,,,,,,,,,,,,,,,,,,,,,,,,,,,,,,,,,,,,,,,,,,,,,,,,,,,,,,,,,,,,,,,,,,,,,,,,,,,,,,,,,,,,,,,,,,,
Spring Creek,Connecting Channel,3,W03050,061724_SPC_3,6/17/2024,2024,Summer,2024,Spring,Lake,0.051,0.137,,0.2558,3.386,0.136,16,24,7.96,2.88,35.4,507,91.72,,,7/16/2024,8/13/2024,6/26/2024,,,,,,,,,,,,,,,,,,,,,,,,,,,,,,,,,,,,,,,,,,,,,,,,,,,,,,,,,,,,,,,,,,,,,,,,,,,,,,,,,,,,,,,,,,,,,,,,,,,,,,,,,,,
Spring Creek,South Pool (Near GMR Connector),4,W03051,061724_SPC_4,6/17/2024,2024,Summer,2024,Spring,Lake,0.016,0.192,,0.0244,1.047,0.05,35,26,8.27,8.56,105.3,499.3,16.74,,,7/16/2024,8/13/2024,6/26/2024,,,,,,,,,,,,,,,,,,,,,,,,,,,,,,,,,,,,,,,,,,,,,,,,,,,,,,,,,,,,,,,,,,,,,,,,,,,,,,,,,,,,,,,,,,,,,,,,,,,,,,,,,,,
Spring Creek,Great Miami River (Wetland inflow),5,W03052,061724_SPC_5,6/17/2024,2024,Summer,2024,Spring,Lake,0.122,2.257,,0.0823,3.747,0.147,67,23.4,8.33,6.59,77.8,702,6.05,,,7/16/2024,8/13/2024,6/26/2024,,,,,,,,,,,,,,,,,,,,,,,,,,,,,,,,,,,,,,,,,,,,,,,,,,,,,,,,,,,,,,,,,,,,,,,,,,,,,,,,,,,,,,,,,,,,,,,,,,,,,,,,,,,
Spring Creek,Great Miami River (Upstream at Covered Bridge),6,W03053,061724_SPC_6,6/17/2024,2024,Summer,2024,Spring,Lake,0.153,2.034,,0.0698,2.701,0.153,43,25.1,8.26,7.91,96.3,712,4.74,,,7/16/2024,8/13/2024,6/26/2024,,,,,,,,,,,,,,,,,,,,,,,,,,,,,,,,,,,,,,,,,,,,,,,,,,,,,,,,,,,,,,,,,,,,,,,,,,,,,,,,,,,,,,,,,,,,,,,,,,,,,,,,,,,
Spring Creek,Great Miami River (Downstream at Barbie Memorial Park),7,W03054,061724_SPC_7,6/17/2024,2024,Summer,2024,Spring,Lake,0.143,2.307,,0.0751,3.16,0.158,70,24.6,8.56,6.9,83.8,717,7.08,,,7/16/2024,8/13/2024,6/26/2024,,,,,,,,,,,,,,,,,,,,,,,,,,,,,,,,,,,,,,,,,,,,,,,,,,,,,,,,,,,,,,,,,,,,,,,,,,,,,,,,,,,,,,,,,,,,,,,,,,,,,,,,,,,
Spring Creek,Field Blank,Blank,W03102,061724_SPC_BLANK,6/17/2024,2024,Summer,2024,Spring,Lake,,,,0.01,,,,,,,,,,,,,,6/26/2024,,,,,,,,,,,,,,,,,,,,,,,,,,,,,,,,,,,,,,,,,,,,,,,,,,,,,,,,,,,,,,,,,,,,,,,,,,,,,,,,,,,,,,,,,,,,,,,,,,,,,,,,,,,
Spring Creek,Duplicate - Springcreek (Upstream of SC Connector),Dupe,,061724_SPC_DUPE,6/17/2024,2024,Summer,2024,Spring,Lake,0.009,3.829,,0.0419,4.609,0.036,58,22.6,8.45,8.21,95.6,638,4.36,,,7/17/2024,8/13/2024,6/26/2024,,,,,,,,,,,,,,,,,,,,,,,,,,,,,,,,,,,,,,,,,,,,,,,,,,,,,,,,,,,,,,,,,,,,,,,,,,,,,,,,,,,,,,,,,,,,,,,,,,,,,,,,,,,
Spring Creek,Springcreek (Upstream of SC Connector),1,W03157,071524_SPC_1,7/15/2024,2024,Summer,2024,Summer,Lake,0.015,1.228,,0.0362,1.402,0.005,60,23.3,8.2,7.85,92.3,563,2.75,,,8/5/2024,8/15/2024,8/7/2024,,,,,,,,,,,,,,,,,,,,,,,,,,,,,,,,,,,,,,,,,,,,,,,,,,,,,,,,,,,,,,,,,,,,,,,,,,,,,,,,,,,,,,,,,,,,,,,,,,,,,,,,,,,
Spring Creek,North Pool (Near SC Conncetor),2,W03163,071524_SPC_2,7/15/2024,2024,Summer,2024,Summer,Lake,0.0015,1.061,,0.0806,2.306,0.005,55,25.4,7.77,7.36,89.8,499.2,2.1,,,8/5/2024,8/15/2024,8/7/2024,,,,,,,,,,,,,,,,,,,,,,,,,,,,,,,,,,,,,,,,,,,,,,,,,,,,,,,,,,,,,,,,,,,,,,,,,,,,,,,,,,,,,,,,,,,,,,,,,,,,,,,,,,,
Spring Creek,South Pool (Near GMR Connector),4,W03166,071524_SPC_4,7/15/2024,2024,Summer,2024,Summer,Lake,0.0015,0.03,,0.0277,1.988,0.059,29,25.3,7.85,6.8,83,472.5,8.4,,,8/5/2024,8/15/2024,8/7/2024,,,,,,,,,,,,,,,,,,,,,,,,,,,,,,,,,,,,,,,,,,,,,,,,,,,,,,,,,,,,,,,,,,,,,,,,,,,,,,,,,,,,,,,,,,,,,,,,,,,,,,,,,,,
Spring Creek,Great Miami River (Wetland inflow),5,W03169,071524_SPC_5,7/15/2024,2024,Summer,2024,Summer,Lake,0.118,4.827,,0.0753,6.007,0.211,55,24,8.05,6.96,83,545,13.7,,,8/5/2024,8/15/2024,8/7/2024,,,,,,,,,,,,,,,,,,,,,,,,,,,,,,,,,,,,,,,,,,,,,,,,,,,,,,,,,,,,,,,,,,,,,,,,,,,,,,,,,,,,,,,,,,,,,,,,,,,,,,,,,,,
Spring Creek,Great Miami River (Upstream at Covered Bridge),6,W03187,071524_SPC_6,7/15/2024,2024,Summer,2024,Summer,Lake,0.106,4.698,,0.0754,5.771,0.211,50,24.3,8.15,7.39,88.4,543,15.7,,,8/5/2024,8/15/2024,8/8/2024,,,,,,,,,,,,,,,,,,,,,,,,,,,,,,,,,,,,,,,,,,,,,,,,,,,,,,,,,,,,,,,,,,,,,,,,,,,,,,,,,,,,,,,,,,,,,,,,,,,,,,,,,,,
Spring Creek,Great Miami River (Downstream at Barbie Memorial Park),7,W03188,071524_SPC_7,7/15/2024,2024,Summer,2024,Summer,Lake,0.117,4.955,,0.0703,5.712,0.199,45,24.5,8.1,7.23,86.9,542,13.6,,,8/5/2024,8/15/2024,8/8/2024,,,,,,,,,,,,,,,,,,,,,,,,,,,,,,,,,,,,,,,,,,,,,,,,,,,,,,,,,,,,,,,,,,,,,,,,,,,,,,,,,,,,,,,,,,,,,,,,,,,,,,,,,,,
Spring Creek,Duplicate - Springcreek (Upstream of SC Connector),Dupe,W03191,071524_SPC_DUPE,7/15/2024,2024,Summer,2024,Summer,Lake,0.013,1.187,,0.0382,,,60,23.2,8.21,7.9,92.8,561,8,field duplicate of great maimi river upstream site 1. raw bottle was not filled while sampling,,8/5/2024,,8/8/2024,,,,,,,,,,,,,,,,,,,,,,,,,,,,,,,,,,,,,,,,,,,,,,,,,,,,,,,,,,,,,,,,,,,,,,,,,,,,,,,,,,,,,,,,,,,,,,,,,,,,,,,,,,,
Spring Creek,North Pool (Near SC Conncetor),2,W03068,081924_SPC_2,8/19/2024,2024,Summer,2024,Summer,Lake,0.004,0.03,,0.0621,0.668,0.01,21,23.3,7.76,6.38,74.8,441.4,6.62,,,,9/20/2024,,,,,,,,,,,,,,,,,,,,,,,,,,,,,,,,,,,,,,,,,,,,,,,,,,,,,,,,,,,,,,,,,,,,,,,,,,,,,,,,,,,,,,,,,,,,,,,,,,,,,,,,,,,,
Spring Creek,South Pool (Near GMR Connector),4,W03070,081924_SPC_4,8/19/2024,2024,Summer,2024,Summer,Lake,0.0015,0.03,,0.022,1.16,0.02,18,22.4,7.7,6.63,76.7,457.6,6.98,,,,9/20/2024,,,,,,,,,,,,,,,,,,,,,,,,,,,,,,,,,,,,,,,,,,,,,,,,,,,,,,,,,,,,,,,,,,,,,,,,,,,,,,,,,,,,,,,,,,,,,,,,,,,,,,,,,,,,
Spring Creek,Great Miami River (Wetland inflow),5,W03071,081924_SPC_5,8/19/2024,2024,Summer,2024,Summer,Lake,0.203,0.945,,0.0929,1.496,0.269,37,22,7.88,6.42,73.5,382.4,7.86,,,,9/20/2024,,,,,,,,,,,,,,,,,,,,,,,,,,,,,,,,,,,,,,,,,,,,,,,,,,,,,,,,,,,,,,,,,,,,,,,,,,,,,,,,,,,,,,,,,,,,,,,,,,,,,,,,,,,,
Spring Creek,Great Miami River (Upstream at Covered Bridge),6,W03072,081924_SPC_6,8/19/2024,2024,Summer,2024,Summer,Lake,0.235,0.818,,0.0983,2.014,0.261,56,22.7,7.96,7.57,88,607,9.22,,,,9/20/2024,,,,,,,,,,,,,,,,,,,,,,,,,,,,,,,,,,,,,,,,,,,,,,,,,,,,,,,,,,,,,,,,,,,,,,,,,,,,,,,,,,,,,,,,,,,,,,,,,,,,,,,,,,,,
Spring Creek,Great Miami River (Downstream at Barbie Memorial Park),7,W03073,081924_SPC_7,8/19/2024,2024,Summer,2024,Summer,Lake,0.191,0.865,,0.1013,1.593,0.274,41,22.7,7.94,6.94,80,635,10.96,,,,9/20/2024,,,,,,,,,,,,,,,,,,,,,,,,,,,,,,,,,,,,,,,,,,,,,,,,,,,,,,,,,,,,,,,,,,,,,,,,,,,,,,,,,,,,,,,,,,,,,,,,,,,,,,,,,,,,
Spring Creek,Duplicate - Springcreek (Upstream of SC Connector),Dupe,W03074,081924_SPC_DUPE,8/19/2024,2024,Summer,2024,Summer,Lake,0.201,0.867,,0.8565,1.338,0.286,41,22.8,7.92,6.99,81.4,636,11.36,FIELD DUPLICATE OF GREAT MIAMI RIVER AT BARBIE PARK,,,9/20/2024,,,,,,,,,,,,,,,,,,,,,,,,,,,,,,,,,,,,,,,,,,,,,,,,,,,,,,,,,,,,,,,,,,,,,,,,,,,,,,,,,,,,,,,,,,,,,,,,,,,,,,,,,,,,
Spring Creek,North Pool (Near SC Conncetor),2,W03228,091724_SPC_2,9/17/2024,2024,Summer,2024,Summer,Lake,0.0015,0.03,,0.0636,2.865,0.129,18,27.2,8.19,8.74,110.6,489.9,7.18,SOLINST LOGGER OUT OF WATER,,,9/24/2024,11/27/2024,,,,,,,,,,,,,,,,,,,,,,,,,,,,,,,,,,,,,,,,,,,,,,,,,,,,,,,,,,,,,,,,,,,,,,,,,,,,,,,,,,,,,,,,,,,,,,,,,,,,,,,,,,,
Spring Creek,South Pool (Near GMR Connector),4,W03231,091724_SPC_4,9/17/2024,2024,Summer,2024,Summer,Lake,0.0015,0.03,,0.138,1.519,0.054,55,23.4,7.9,6.63,78.1,461.3,10.41,SOLINST LOGGER ALMOST OUT OF WATER,,,9/24/2024,11/27/2024,,,,,,,,,,,,,,,,,,,,,,,,,,,,,,,,,,,,,,,,,,,,,,,,,,,,,,,,,,,,,,,,,,,,,,,,,,,,,,,,,,,,,,,,,,,,,,,,,,,,,,,,,,,
Spring Creek,Great Miami River (Wetland inflow),5,W03232,091724_SPC_5,9/17/2024,2024,Summer,2024,Summer,Lake,0.293,0.441,,0.1064,2.352,0.333,45,21.6,8.06,8.28,94.2,836,4.94,,,,9/24/2024,11/27/2024,,,,,,,,,,,,,,,,,,,,,,,,,,,,,,,,,,,,,,,,,,,,,,,,,,,,,,,,,,,,,,,,,,,,,,,,,,,,,,,,,,,,,,,,,,,,,,,,,,,,,,,,,,,
Spring Creek,Great Miami River (Upstream at Covered Bridge),6,W03233,091724_SPC_6,9/17/2024,2024,Summer,2024,Summer,Lake,0.247,0.249,,0.0807,1.75,0.309,20,23.4,8.25,10.5,122.9,852,5.77,,,,9/24/2024,11/27/2024,,,,,,,,,,,,,,,,,,,,,,,,,,,,,,,,,,,,,,,,,,,,,,,,,,,,,,,,,,,,,,,,,,,,,,,,,,,,,,,,,,,,,,,,,,,,,,,,,,,,,,,,,,,
Spring Creek,Great Miami River (Downstream at Barbie Memorial Park),7,W03234,091724_SPC_7,9/17/2024,2024,Summer,2024,Summer,Lake,0.304,0.317,,0.1009,1.452,0.359,20,22.7,8.22,9.16,106.1,851,5.22,,,,9/24/2024,11/27/2024,,,,,,,,,,,,,,,,,,,,,,,,,,,,,,,,,,,,,,,,,,,,,,,,,,,,,,,,,,,,,,,,,,,,,,,,,,,,,,,,,,,,,,,,,,,,,,,,,,,,,,,,,,,
Spring Creek,Duplicate - Great Miami River (Wetland inflow),DUPE,W03235,091724_SPC_DUPE,9/17/2024,2024,Summer,2024,Summer,Lake,0.243,0.329,,0.1094,2.422,0.344,45,21.7,8.04,8.26,94.2,835,4.8,FIELD DUPLICATE OF GREAT MIAMI RIVER AT WETLAND INFLOW,,,9/24/2024,11/27/2024,,,,,,,,,,,,,,,,,,,,,,,,,,,,,,,,,,,,,,,,,,,,,,,,,,,,,,,,,,,,,,,,,,,,,,,,,,,,,,,,,,,,,,,,,,,,,,,,,,,,,,,,,,,
Spring Creek,North Pool (Near SC Conncetor),2,W03259,101524_SPC_2,10/15/2024,2024,Fall,2025,Fall,Lake,0.013,0.054,,0.666,2.933,0.113,10,11.7,8.24,11.82,109.1,551,10.15,,,12/4/2024,12/12/2024,11/27/2024,,,,,,,,,,,,,,,,,,,,,,,,,,,,,,,,,,,,,,,,,,,,,,,,,,,,,,,,,,,,,,,,,,,,,,,,,,,,,,,,,,,,,,,,,,,,,,,,,,,,,,,,,,,
Spring Creek,South Pool (Near GMR Connector),4,W03262,101524_SPC_4,10/15/2024,2024,Fall,2025,Fall,Lake,0.011,0.03,,0.053,0.727,0.06,22,14.3,8.23,11.16,110.8,449.8,6.94,,,12/4/2024,12/12/2024,11/27/2024,,,,,,,,,,,,,,,,,,,,,,,,,,,,,,,,,,,,,,,,,,,,,,,,,,,,,,,,,,,,,,,,,,,,,,,,,,,,,,,,,,,,,,,,,,,,,,,,,,,,,,,,,,,
Spring Creek,Great Miami River (Wetland inflow),5,W03254,101524_SPC_5,10/15/2024,2024,Fall,2025,Fall,Lake,0.273,0.322,,0.1048,1.834,0.419,59,13.5,8.14,9.62,92.7,772,5.39,,,12/4/2024,12/12/2024,11/27/2024,,,,,,,,,,,,,,,,,,,,,,,,,,,,,,,,,,,,,,,,,,,,,,,,,,,,,,,,,,,,,,,,,,,,,,,,,,,,,,,,,,,,,,,,,,,,,,,,,,,,,,,,,,,
Spring Creek,Great Miami River (Upstream at Covered Bridge),6,W03340,101524_SPC_6,10/15/2024,2024,Fall,2025,Fall,Lake,0.405,0.425,,0.077,1.747,0.392,40,12.9,8.33,11.13,105.6,785,4.5,,,12/4/2024,12/12/2024,11/27/2024,,,,,,,,,,,,,,,,,,,,,,,,,,,,,,,,,,,,,,,,,,,,,,,,,,,,,,,,,,,,,,,,,,,,,,,,,,,,,,,,,,,,,,,,,,,,,,,,,,,,,,,,,,,
Spring Creek,Great Miami River (Downstream at Barbie Memorial Park),7,W03343,101524_SPC_7,10/15/2024,2024,Fall,2025,Fall,Lake,0.408,0.448,,0.057,1.285,0.401,38,13,8.29,10.12,96.4,791,9.37,,,12/4/2024,12/12/2024,11/27/2024,,,,,,,,,,,,,,,,,,,,,,,,,,,,,,,,,,,,,,,,,,,,,,,,,,,,,,,,,,,,,,,,,,,,,,,,,,,,,,,,,,,,,,,,,,,,,,,,,,,,,,,,,,,
Spring Creek,Duplicate - South Pool (Near GMR Connector),DUPE,W03342,101524_SPC_DUPE,10/15/2024,2024,Fall,2025,Fall,Lake,0.007,0.02,,0.158,1.094,0.104,22,14.6,8.2,11.17,110,450,4.59,FIELD DUPLICATE OF South Pool (Near GMR Connector),,12/4/2024,12/12/2024,11/27/2024,,,,,,,,,,,,,,,,,,,,,,,,,,,,,,,,,,,,,,,,,,,,,,,,,,,,,,,,,,,,,,,,,,,,,,,,,,,,,,,,,,,,,,,,,,,,,,,,,,,,,,,,,,,
Spring Creek,North Pool (Near SC Conncetor),2,W03347,111224_SPC_2,11/12/2024,2024,Fall,2025,Fall,Lake,0.01,0.02,,0.0923,0.904,0.059,36,11.1,8.85,14.99,136.5,485.4,25.38,,,12/4/2024,12/11/2024,12/2/2024,,,,,,,,,,,,,,,,,,,,,,,,,,,,,,,,,,,,,,,,,,,,,,,,,,,,,,,,,,,,,,,,,,,,,,,,,,,,,,,,,,,,,,,,,,,,,,,,,,,,,,,,,,,
Spring Creek,South Pool (Near GMR Connector),4,W03364,111224_SPC_4,11/12/2024,2024,Fall,2025,Fall,Lake,0.005,0.02,,0.0274,0.804,0.022,32,11.2,8.2,11.17,102,554,43.15,,,12/4/2024,12/11/2024,12/2/2024,,,,,,,,,,,,,,,,,,,,,,,,,,,,,,,,,,,,,,,,,,,,,,,,,,,,,,,,,,,,,,,,,,,,,,,,,,,,,,,,,,,,,,,,,,,,,,,,,,,,,,,,,,,
Spring Creek,Great Miami River (Wetland inflow),5,W03367,111224_SPC_5,11/12/2024,2024,Fall,2025,Fall,Lake,0.181,0.275,,0.0567,1.214,0.237,27,11.8,8.28,10.81,100.1,837,6.74,,,12/4/2024,12/11/2024,12/2/2024,,,,,,,,,,,,,,,,,,,,,,,,,,,,,,,,,,,,,,,,,,,,,,,,,,,,,,,,,,,,,,,,,,,,,,,,,,,,,,,,,,,,,,,,,,,,,,,,,,,,,,,,,,,
Spring Creek,Great Miami River (Upstream at Covered Bridge),6,W03340,111224_SPC_6,11/12/2024,2024,Fall,2025,Fall,Lake,0.157,0.257,,0.0788,1.788,0.212,35,11.3,8.4,11.42,104.6,834,1.96,,,12/4/2024,12/11/2024,12/2/2024,,,,,,,,,,,,,,,,,,,,,,,,,,,,,,,,,,,,,,,,,,,,,,,,,,,,,,,,,,,,,,,,,,,,,,,,,,,,,,,,,,,,,,,,,,,,,,,,,,,,,,,,,,,
Spring Creek,Great Miami River (Downstream at Barbie Memorial Park),7,W03452,111224_SPC_7,11/12/2024,2024,Fall,2025,Fall,Lake,0.318,0.442,,0.0555,1.469,0.258,35,11.3,8.35,11.21,102.5,839,2.63,,,12/4/2024,12/11/2024,12/2/2024,,,,,,,,,,,,,,,,,,,,,,,,,,,,,,,,,,,,,,,,,,,,,,,,,,,,,,,,,,,,,,,,,,,,,,,,,,,,,,,,,,,,,,,,,,,,,,,,,,,,,,,,,,,
Spring Creek,Duplicate - Great Miami River (Wetland inflow),DUPE,W03455,111224_SPC_DUPE,11/12/2024,2024,Fall,2025,Fall,Lake,0.681,0.441,,0.1244,1.543,0.254,27,11.9,8.29,10.78,100.4,821,16.11,FIELD DUPLICATE OF GREAT MIAMI RIVER DOWNSTREAM,,12/4/2024,12/11/2024,12/2/2024,,,,,,,,,,,,,,,,,,,,,,,,,,,,,,,,,,,,,,,,,,,,,,,,,,,,,,,,,,,,,,,,,,,,,,,,,,,,,,,,,,,,,,,,,,,,,,,,,,,,,,,,,,,
Spring Creek,North Pool (Near SC Conncetor),2,W03483,121024_SPC_2,12/10/2024,2024,Fall,2025,Fall,Lake,0.003,1.239,,0.0545,1.672,0.013,39,4.6,8.38,17.25,134.4,484.7,6.72,,,1/14/2025,TP 12/12/24 TN 12/17/24,1/15/2024,,,,,,,,,,,,,,,,,,,,,,,,,,,,,,,,,,,,,,,,,,,,,,,,,,,,,,,,,,,,,,,,,,,,,,,,,,,,,,,,,,,,,,,,,,,,,,,,,,,,,,,,,,,
Spring Creek,South Pool (Near GMR Connector),4,W03487,121024_SPC_4,12/10/2024,2024,Fall,2025,Fall,Lake,0.004,0.107,,0.0156,0.684,0.01,20,8,8.06,12.91,109.3,556,1.6,,,1/14/2025,TP 12/12/24 TN 12/17/24,1/15/2024,,,,,,,,,,,,,,,,,,,,,,,,,,,,,,,,,,,,,,,,,,,,,,,,,,,,,,,,,,,,,,,,,,,,,,,,,,,,,,,,,,,,,,,,,,,,,,,,,,,,,,,,,,,
Spring Creek,Great Miami River (Wetland inflow),5,W03482,121024_SPC_5,12/10/2024,2024,Fall,2025,Fall,Lake,0.063,1.114,,0.0143,1.836,0.085,,6.4,8.24,11.74,95.9,463.4,3.52,,,1/14/2025,TP 12/12/24 TN 12/17/24,1/15/2024,,,,,,,,,,,,,,,,,,,,,,,,,,,,,,,,,,,,,,,,,,,,,,,,,,,,,,,,,,,,,,,,,,,,,,,,,,,,,,,,,,,,,,,,,,,,,,,,,,,,,,,,,,,
Spring Creek,Great Miami River (Upstream at Covered Bridge),6,W03495,121024_SPC_6,12/10/2024,2024,Fall,2025,Fall,Lake,0.065,1.231,,0.0333,2.645,0.102,40,6,8.31,12.46,101.5,911,2.58,,,1/14/2025,TP 12/12/24 TN 12/17/24,1/15/2024,,,,,,,,,,,,,,,,,,,,,,,,,,,,,,,,,,,,,,,,,,,,,,,,,,,,,,,,,,,,,,,,,,,,,,,,,,,,,,,,,,,,,,,,,,,,,,,,,,,,,,,,,,,
Spring Creek,Great Miami River (Downstream at Barbie Memorial Park),7,W03492,121024_SPC_7,12/10/2024,2024,Fall,2025,Fall,Lake,0.05,1.229,,0.0217,2.255,0.091,40,5.8,8.39,12.15,97.6,961,3.34,,,1/14/2025,TP 12/12/24 TN 12/17/24,1/15/2024,,,,,,,,,,,,,,,,,,,,,,,,,,,,,,,,,,,,,,,,,,,,,,,,,,,,,,,,,,,,,,,,,,,,,,,,,,,,,,,,,,,,,,,,,,,,,,,,,,,,,,,,,,,
Spring Creek,Duplicate - Great Miami River (Wetland inflow),DUPE,W03473,121024_SPC_DUPE,12/10/2024,2024,Fall,2025,Fall,Lake,0.065,1.158,,0.0167,2.611,0.099,,6.7,8.28,11.81,97,484.7,7.88,FIELD DUPLICATE OF GREAT MIAMI RIVER DOWNSTREAM,,1/14/2025,TP 12/12/24 TN 12/17/24,1/15/2024,,,,,,,,,,,,,,,,,,,,,,,,,,,,,,,,,,,,,,,,,,,,,,,,,,,,,,,,,,,,,,,,,,,,,,,,,,,,,,,,,,,,,,,,,,,,,,,,,,,,,,,,,,,
