Date,Calendar Year,Calendar Season,Water Year,Water Season,change in GMR Volume,Change in SPC Volume,Sum of Inflow,Sum of Outflow,Sum of Flows,,2024Calendar Year,Season,Inflow Total,Outflow Total,,,2024Water Year,Season,Inflow Total,Outflow Total,,,Row Labels,Sum of GMR at Wetland (CFS),Sum of GMR at Wetland (gallons),% Flows GMR Captured,Sum of SPC at Wetland (CFS),Sum of SPC at Wetland (gallons),% SPC Flows Captured
11/8/2021,2021,Fall,2022,Fall,,,"501,530","-1,128,704",,,SPC,Winter,"1,222,229","-414,535",*missing Dec,,SPC,Winter,"1,270,469","-605,971",,,Winter,189056.0121," 122,190,114,595.31 ",,5295.846123," 3,422,795,378.72 ",
11/9/2021,2021,Fall,2022,Fall,287408.5918,75178.0166,,,,,,Spring,"7,598,552","-7,506,734",,,,Spring,"7,564,862","-7,663,417",,,Spring,128275.6743," 82,906,748,969.67 ",,3593.26437," 2,322,387,847.64 ",
11/10/2021,2021,Fall,2022,Fall,-351738.7988,6305.177246,,,,,,Summer,"442,623","-1,334,454",,,,Summer,"464,207","-995,765",,,Summer,30811.93827," 19,914,279,503.89 ",,863.1054996," 557,839,757.19 ",
11/11/2021,2021,Fall,2022,Fall,-254991.5371,11728.25879,,,,,,Fall,"83,107","-61,221",*missing 4 days,,,Fall,"22,912","-22,764",,,Fall,81826.13932," 52,885,624,884.37 ",,2292.117758," 1,481,434,672.97 ",
11/12/2021,2021,Fall,2022,Fall,-169653.416,13159.55566,,,,,,Overall,"9,346,511","-9,316,945",*missing Dec,,,Overall,"9,322,450","-9,287,916","63,892,707",,2022,429969.764," 277,896,767,953.25 ",,12044.33375," 7,784,457,656.52 ",
11/13/2021,2021,Fall,2022,Fall,-137052.252,3714.945313,,,,,GMR,Winter,"11,793,766","-6,364,503",,,GMR,Winter,"13,101,802","-10,451,799",,,Winter,140998.7143," 91,129,866,041.69 ",0.068275887,3949.662781," 2,552,734,199.36 ", 0.33 
11/14/2021,2021,Fall,2022,Fall,-79814.80078,64.57861328,,,,,,Spring,"38,281,757","-40,983,853",,,,Spring,"37,495,811","-38,354,876",,,Spring,74224.30917," 47,972,432,827.05 ",0.020791232,2079.174925," 1,343,806,100.28 ", 0.03 
11/15/2021,2021,Fall,2022,Fall,-55174.73438,-7573.598633,,,,,,Summer,"3,046,288","-6,018,099",*missing 4 days,,,Summer,"2,990,895","-4,779,704",,,Summer,18544.14894," 11,985,398,711.65 ",0.019845122,519.4595939," 335,735,566.32 ", 0.26 
11/16/2021,2021,Fall,2022,Fall,-63991.13477,-1003.055176,,,,,,Fall,"1,195,501","-1,195,794",,,,Fall,"981,750","-1,035,311",,,Fall,9545.384726," 6,169,344,420.03 ",0.008129397,267.385777," 172,815,973.21 ", 0.02 
11/17/2021,2021,Fall,2022,Fall,-28167.9375,2784.201172,,,,,,Overall,"54,317,312","-54,562,249",,,,Overall,"54,570,257","-54,621,690",,,2023,243312.5572," 157,257,042,000.41 ",0.047739568,6815.683077," 4,405,091,839.17 ", 0.22 
11/18/2021,2021,Fall,2022,Fall,53690.38281,10217.05664,,,,,,,,,,,,,,,,,Winter,80744.33392," 52,186,435,668.69 ",0.025105761,2261.814173," 1,461,848,950.96 ", 0.09 
11/19/2021,2021,Fall,2022,Fall,49841.27539,8405.527832,,,,,,,,,,,2023Water Year,Season,Inflow Total,Outflow Total,,,Spring,138821.6968," 89,722,822,637.89 ",0.041790717,3888.680062," 2,513,320,031.72 ", 0.30 
11/20/2021,2021,Fall,2022,Fall,125883.6133,3309.533691,,,,,,,,,,,SPC,Winter,"8,478,948","-6,912,383",,,Summer,21587.7467," 13,952,527,681.18 ",0.021436221,604.7170008," 390,838,877.82 ", 0.12 
11/21/2021,2021,Fall,2022,Fall,72445.5293,-1117.887207,,,,,,,,,,,,Spring,"451,032","-1,114,776",,,Fall,9693.4634," 6,265,050,184.14 ",0.01567026,271.5337639," 175,496,887.69 ", 0.01 
11/22/2021,2021,Fall,2022,Fall,3902.408203,-2625.905273,,,,,,,,,,,,Summer,"867,908","-1,773,283",,,2024,250847.2409," 162,126,836,171.90 ",0.033658991,7026.745," 4,541,504,748.19 ", 0.21 
11/23/2021,2021,Fall,2022,Fall,-30518.37695,-1614.074219,,,,,,,,,,,,Fall,"29,174","-87,237",,,,,,,,,
11/24/2021,2021,Fall,2022,Fall,-41077.02344,-7185.40332,,,,,,,,,,,,Overall,"9,827,062","-9,887,679",,,,,,,,,
11/25/2021,2021,Fall,2022,Fall,-35551.49609,-1504.96582,,,,,,,,,,,GMR,Winter,"62,219,725","-47,762,158",,,,,,,,,
11/26/2021,2021,Fall,2022,Fall,-35599.08398,1971.426758,,,,,,,,,,,,Spring,"9,974,060","-23,278,019",,,,,,,,,
11/27/2021,2021,Fall,2022,Fall,-55668.32227,-1065.097656,,,,,,,,,,,,Summer,"2,378,517","-4,797,020",,,,,,,,,
11/28/2021,2021,Fall,2022,Fall,-3958.326172,-2399.879883,,,,,,,,,,,,Fall,"501,530","-1,128,704",,,,,,,,,
11/29/2021,2021,Fall,2022,Fall,-35430.66602,-3704.210938,,,,,,,,,,,,Overall,"75,073,832","-76,965,900","84,900,894",,,,,,,,
11/30/2021,2021,Fall,2022,Fall,-51123.41016,-9842.820313,,,,,,,,,,,,,-37.57280178,,,,,,,,,,
12/1/2021,2021,Fall,2022,Fall,-38891.17969,-5354.364258,,,,,,,,,,,,,,,,,,,,,,,
12/2/2021,2021,Fall,2022,Fall,-61762.99609,-11211.47949,,,,,,,,,,,,,,,,,,,,,,,
12/3/2021,2021,Fall,2022,Fall,-37366.28125,-7045.708984,,,,,,,,,,,,,,,,,,,,,,,
12/4/2021,2021,Fall,2022,Fall,-69679.94336,-12809.20703,,,,,,,,,,,,,,,,,,,,,,,
12/5/2021,2021,Fall,2022,Fall,-63767.28125,-15676.7417,,,,,,,,,,,,,,,,,,,,,,,
12/6/2021,2021,Fall,2022,Fall,127813.8633,19829.1001,,,,,,,,,,,,,,,,,,,,,,,
12/7/2021,2021,Fall,2022,Fall,628155.0742,54754.67725,,,,,,,,,,,,,,,,,,,,,,,
12/8/2021,2021,Fall,2022,Fall,582626.2656,8827.753418,,,,,,,,,,,,,,,,,,,,,,,
12/9/2021,2021,Fall,2022,Fall,197145.7578,-8630.036621,,,,,,,,,,,,,,,,,,,,,,,
12/10/2021,2021,Fall,2022,Fall,-26081.24219,-7431.071777,,,,,,,,,,,,,,,,,,,,,,,
12/11/2021,2021,Fall,2022,Fall,662137.8008,37388.93164,,,,,,,,,,,,,,,,,,,,,,,
12/12/2021,2021,Fall,2022,Fall,2276986.58,16910.94238,,,,,,,,,,,,,,,,,,,,,,,
12/13/2021,2021,Fall,2022,Fall,1465499.752,-7488.092773,,,,,,,,,,,,,,,,,,,,,,,
12/14/2021,2021,Fall,2022,Fall,367466.8164,-5370.713867,,,,,,,,,,,,,,,,,,,,,,,
12/15/2021,2021,Winter,2022,Fall,-231876.3945,-4023.728516,,,,,,,,,,,,,,,,,,,,,,,
12/16/2021,2021,Winter,2022,Fall,-402432.918,-1202.253906,,,,,,,,,,,,,,,,,,,,,,,
12/17/2021,2021,Winter,2022,Fall,-451065.8906,-3190.918457,,,,,,,,,,,,,,,,,,,,,,,
12/18/2021,2021,Winter,2022,Fall,-392874.0742,1379.611816,,,,,,,,,,,,,,,,,,,,,,,
12/19/2021,2021,Winter,2022,Fall,-49832.75,6368.123047,,,,,,,,,,,,,,,,,,,,,,,
12/20/2021,2021,Winter,2022,Fall,78618.92383,-1168.662109,,,,,,,,,,,,,,,,,,,,,,,
12/21/2021,2021,Winter,2022,Fall,-206331.582,-3934.113281,,,,,,,,,,,,,,,,,,,,,,,
12/22/2021,2021,Winter,2022,Fall,-335895.2695,-3447.486328,,,,,,,,,,,,,,,,,,,,,,,
12/23/2021,2021,Winter,2022,Fall,-421770.7109,-6915.308105,,,,,,,,,,,,,,,,,,,,,,,
12/24/2021,2021,Winter,2022,Fall,-410399.3262,-5094.247559,,,,,,,,,,,,,,,,,,,,,,,
12/25/2021,2021,Winter,2022,Fall,-229990.998,3096.956055,,,,,,,,,,,,,,,,,,,,,,,
12/26/2021,2021,Winter,2022,Fall,626428.6914,20346.05762,,,,,,,,,,,,,,,,,,,,,,,
12/27/2021,2021,Winter,2022,Fall,1245253.986,8011.014648,,,,,,,,,,,,,,,,,,,,,,,
12/28/2021,2021,Winter,2022,Fall,1418702.434,5373.07373,,,,,,,,,,,,,,,,,,,,,,,
12/29/2021,2021,Winter,2022,Fall,11903268.44,1531685.127,,,,,,,,,,,,,,,,,,,,,,,
12/30/2021,2021,Winter,2022,Fall,943321.8262,262681.312,,,,,,,,,,,,,,,,,,,,,,,
12/31/2021,2021,Winter,2022,Fall,-1476898.26,-269831.4043,,,,,,,,,,,,,,,,,,,,,,,
1/1/2022,2022,Winter,2022,Winter,-234612.4043,-91823.19238,,,,,,,,,,,,,,,,,,,,,,,
1/2/2022,2022,Winter,2022,Winter,5467089.445,1058151.554,,,,,,,,,,,,,,,,,,,,,,,
1/3/2022,2022,Winter,2022,Winter,-3591972.74,-682567.7871,,,,,,,,,,,,,,,,,,,,,,,
1/4/2022,2022,Winter,2022,Winter,-1405731.568,-243893.9307,,,,,,,,,,,,,,,,,,,,,,,
1/5/2022,2022,Winter,2022,Winter,-1525372.363,-264808.3379,,,,,,,,,,,,,,,,,,,,,,,
1/6/2022,2022,Winter,2022,Winter,-1492895.627,-265759.0977,,,,,,,,,,,,,,,,,,,,,,,
1/7/2022,2022,Winter,2022,Winter,-1468986.811,-245086.8569,,,,,,,,,,,,,,,,,,,,,,,
1/8/2022,2022,Winter,2022,Winter,-1362562.262,-218922.7676,,,,,,,,,,,,,,,,,,,,,,,
1/9/2022,2022,Winter,2022,Winter,-742342.2441,-119058.0054,,,,,,,,,,,,,,,,,,,,,,,
1/10/2022,2022,Winter,2022,Winter,-252893.3711,-41075.36963,,,,,,,,,,,,,,,,,,,,,,,
1/11/2022,2022,Winter,2022,Winter,-446260.584,-68458.89697,,,,,,,,,,,,,,,,,,,,,,,
1/12/2022,2022,Winter,2022,Winter,-647433.5254,-94662.93896,,,,,,,,,,,,,,,,,,,,,,,
1/13/2022,2022,Winter,2022,Winter,-590904.5352,-87716.68604,,,,,,,,,,,,,,,,,,,,,,,
1/14/2022,2022,Winter,2022,Winter,-602523.998,-83889.27881,,,,,,,,,,,,,,,,,,,,,,,
1/15/2022,2022,Winter,2022,Winter,-610736.1543,-70708.31104,,,,,,,,,,,,,,,,,,,,,,,
1/16/2022,2022,Winter,2022,Winter,-732559.8438,-18502.62793,,,,,,,,,,,,,,,,,,,,,,,
1/17/2022,2022,Winter,2022,Winter,-666999.8359,-4077.383789,,,,,,,,,,,,,,,,,,,,,,,
1/18/2022,2022,Winter,2022,Winter,-620203.041,-1998.496094,,,,,,,,,,,,,,,,,,,,,,,
1/19/2022,2022,Winter,2022,Winter,-542320.4219,-2672.072266,,,,,,,,,,,,,,,,,,,,,,,
1/20/2022,2022,Winter,2022,Winter,-469691.7676,969.9467773,,,,,,,,,,,,,,,,,,,,,,,
1/21/2022,2022,Winter,2022,Winter,-504620.9219,-2986.88916,,,,,,,,,,,,,,,,,,,,,,,
1/22/2022,2022,Winter,2022,Winter,-466900.2754,-2205.442383,,,,,,,,,,,,,,,,,,,,,,,
1/23/2022,2022,Winter,2022,Winter,-340800.4199,1607.828125,,,,,,,,,,,,,,,,,,,,,,,
1/24/2022,2022,Winter,2022,Winter,-271986.1895,-4431.049805,,,,,,,,,,,,,,,,,,,,,,,
1/25/2022,2022,Winter,2022,Winter,-237729.0547,254.1992188,,,,,,,,,,,,,,,,,,,,,,,
1/26/2022,2022,Winter,2022,Winter,-240459.416,-5041.029297,,,,,,,,,,,,,,,,,,,,,,,
1/27/2022,2022,Winter,2022,Winter,-166627.2441,-1079.240234,,,,,,,,,,,,,,,,,,,,,,,
1/28/2022,2022,Winter,2022,Winter,-151462.2715,-456.8818359,,,,,,,,,,,,,,,,,,,,,,,
1/29/2022,2022,Winter,2022,Winter,-201051.2441,-3876.532227,,,,,,,,,,,,,,,,,,,,,,,
1/30/2022,2022,Winter,2022,Winter,-188404.8789,558.0805664,,,,,,,,,,,,,,,,,,,,,,,
1/31/2022,2022,Winter,2022,Winter,-214376.4238,-2881.050293,,,,,,,,,,,,,,,,,,,,,,,
2/1/2022,2022,Winter,2022,Winter,-214365.5938,-4302.166504,,,,,,,,,,,,,,,,,,,,,,,
2/2/2022,2022,Winter,2022,Winter,143103.4102,7538.184082,,,,,,,,,,,,,,,,,,,,,,,
2/3/2022,2022,Winter,2022,Winter,1274793.9,23694.896,,,,,,,,,,,,,,,,,,,,,,,
2/4/2022,2022,Winter,2022,Winter,1304479.486,-954.0532227,,,,,,,,,,,,,,,,,,,,,,,
2/5/2022,2022,Winter,2022,Winter,382571.1914,-4821.498047,,,,,,,,,,,,,,,,,,,,,,,
2/6/2022,2022,Winter,2022,Winter,-62857.69141,-5938.25293,,,,,,,,,,,,,,,,,,,,,,,
2/7/2022,2022,Winter,2022,Winter,-212481.7773,-3279.943848,,,,,,,,,,,,,,,,,,,,,,,
2/8/2022,2022,Winter,2022,Winter,-365598.2383,-4189.791504,,,,,,,,,,,,,,,,,,,,,,,
2/9/2022,2022,Winter,2022,Winter,-415047.7793,-3649.57666,,,,,,,,,,,,,,,,,,,,,,,
2/10/2022,2022,Winter,2022,Winter,-255727.2539,4676.466309,,,,,,,,,,,,,,,,,,,,,,,
2/11/2022,2022,Winter,2022,Winter,-173676.8613,3213.146484,,,,,,,,,,,,,,,,,,,,,,,
2/12/2022,2022,Winter,2022,Winter,78254.14258,6774.097656,,,,,,,,,,,,,,,,,,,,,,,
2/13/2022,2022,Winter,2022,Winter,308590.6973,5914.394531,,,,,,,,,,,,,,,,,,,,,,,
2/14/2022,2022,Winter,2022,Winter,133251.6172,-3714.14209,,,,,,,,,,,,,,,,,,,,,,,
2/15/2022,2022,Winter,2022,Winter,-148272.6992,-4727.659668,,,,,,,,,,,,,,,,,,,,,,,
2/16/2022,2022,Winter,2022,Winter,-136859.668,-3427.595703,,,,,,,,,,,,,,,,,,,,,,,
2/17/2022,2022,Winter,2022,Winter,5773792.369,570682.0996,,,,,,,,,,,,,,,,,,,,,,,
2/18/2022,2022,Winter,2022,Winter,21530606.35,3612066.674,,,,,,,,,,,,,,,,,,,,,,,
2/19/2022,2022,Winter,2022,Winter,-8796464.338,-1739037.784,,,,,,,,,,,,,,,,,,,,,,,
2/20/2022,2022,Winter,2022,Winter,-3441455.043,-686077.6445,,,,,,,,,,,,,,,,,,,,,,,
2/21/2022,2022,Winter,2022,Winter,-1107789.574,-189400.2563,,,,,,,,,,,,,,,,,,,,,,,
2/22/2022,2022,Winter,2022,Winter,-665460.5332,-126083.0474,,,,,,,,,,,,,,,,,,,,,,,
2/23/2022,2022,Winter,2022,Winter,422425.9043,62622.26172,,,,,,,,,,,,,,,,,,,,,,,
2/24/2022,2022,Winter,2022,Winter,-92363.14063,-10753.83594,,,,,,,,,,,,,,,,,,,,,,,
2/25/2022,2022,Winter,2022,Winter,-107207.6289,-15601.5459,,,,,,,,,,,,,,,,,,,,,,,
2/26/2022,2022,Winter,2022,Winter,-485512.627,-85010.31152,,,,,,,,,,,,,,,,,,,,,,,
2/27/2022,2022,Winter,2022,Winter,-758267.0293,-127132.2246,,,,,,,,,,,,,,,,,,,,,,,
2/28/2022,2022,Winter,2022,Winter,-817783.6953,-139566.6968,,,,,,,,,,,,,,,,,,,,,,,
3/1/2022,2022,Winter,2022,Winter,-738058.8086,-120905.5513,,,,,,,,,,,,,,,,,,,,,,,
3/2/2022,2022,Winter,2022,Winter,-701664.3574,-117499.499,,,,,,,,,,,,,,,,,,,,,,,
3/3/2022,2022,Winter,2022,Winter,-694828.1563,-115305.0469,,,,,,,,,,,,,,,,,,,,,,,
3/4/2022,2022,Winter,2022,Winter,-753210.7051,-122572.5537,,,,,,,,,,,,,,,,,,,,,,,
3/5/2022,2022,Winter,2022,Winter,-735108.2383,-117387.1646,,,,,,,,,,,,,,,,,,,,,,,
3/6/2022,2022,Winter,2022,Winter,-660159.1094,-95356.43896,,,,,,,,,,,,,,,,,,,,,,,
3/7/2022,2022,Winter,2022,Winter,12332410.5,1957168.491,,,,,,,,,,,,,,,,,,,,,,,
3/8/2022,2022,Winter,2022,Winter,7050521.121,1669288.311,,,,,,,,,,,,,,,,,,,,,,,
3/9/2022,2022,Winter,2022,Winter,-9661225.211,-1938226.325,,,,,,,,,,,,,,,,,,,,,,,
3/10/2022,2022,Winter,2022,Winter,-1896033.686,-386620.085,,,,,,,,,,,,,,,,,,,,,,,
3/11/2022,2022,Winter,2022,Winter,-718911.4395,-129443.4966,,,,,,,,,,,,,,,,,,,,,,,
3/12/2022,2022,Winter,2022,Winter,-753884.7578,-130623.7603,,,,,,,,,,,,,,,,,,,,,,,
3/13/2022,2022,Winter,2022,Winter,-877578.3008,-154155.0894,,,,,,,,,,,,,,,,,,,,,,,
3/14/2022,2022,Winter,2022,Winter,-863952.043,-150074.9072,,,,,,,,,,,,,,,,,,,,,,,
3/15/2022,2022,Spring,2022,Winter,-896125.2246,-148449.3008,,,,,,,,,,,,,,,,,,,,,,,
3/16/2022,2022,Spring,2022,Winter,-812759.2559,-135889.8037,,,,,,,,,,,,,,,,,,,,,,,
3/17/2022,2022,Spring,2022,Winter,-734380.2813,-123188.2529,,,,,,,,,,,,,,,,,,,,,,,
3/18/2022,2022,Spring,2022,Winter,-661053.1387,-106502.5918,,,,,,,,,,,,,,,,,,,,,,,
3/19/2022,2022,Spring,2022,Winter,-322902.7734,-48187.25391,,,,,,,,,,,,,,,,,,,,,,,
3/20/2022,2022,Spring,2022,Winter,-224551.584,-39222.24023,,,,,,,,,,,,,,,,,,,,,,,
3/21/2022,2022,Spring,2022,Winter,-130733.3262,-21174.81201,,,,,,,,,,,,,,,,,,,,,,,
3/22/2022,2022,Spring,2022,Winter,-99788.0918,-14680.89453,,,,,,,,,,,,,,,,,,,,,,,
3/23/2022,2022,Spring,2022,Winter,-24460.21484,-3260.230957,,,,,,,,,,,,,,,,,,,,,,,
3/24/2022,2022,Spring,2022,Winter,50931.23047,7782.000977,,,,,,,,,,,,,,,,,,,,,,,
3/25/2022,2022,Spring,2022,Winter,5408.126953,946.9145508,,,,,,,,,,,,,,,,,,,,,,,
3/26/2022,2022,Spring,2022,Winter,-147878.6797,-24828.03076,,,,,,,,,,,,,,,,,,,,,,,
3/27/2022,2022,Spring,2022,Winter,-272817.8613,-42717.33252,,,,,,,,,,,,,,,,,,,,,,,
3/28/2022,2022,Spring,2022,Winter,-307520.5234,-47620.37939,,,,,,,,,,,,,,,,,,,,,,,
3/29/2022,2022,Spring,2022,Winter,-319903.0605,-51575.6958,,,,,,,,,,,,,,,,,,,,,,,
3/30/2022,2022,Spring,2022,Winter,-338462.457,-46743.04639,,,,,,,,,,,,,,,,,,,,,,,
3/31/2022,2022,Spring,2022,Winter,-257308.3203,-36831.03418,,,,,,,,,,,,,,,,,,,,,,,
4/1/2022,2022,Spring,2022,Spring,-277949.1191,-43427.43262,,,,,,,,,,,,,,,,,,,,,,,
4/2/2022,2022,Spring,2022,Spring,-278147.8301,-41369.42188,,,,,,,,,,,,,,,,,,,,,,,
4/3/2022,2022,Spring,2022,Spring,-258027.4043,-37119.8916,,,,,,,,,,,,,,,,,,,,,,,
4/4/2022,2022,Spring,2022,Spring,-207921.3672,-30578.45459,,,,,,,,,,,,,,,,,,,,,,,
4/5/2022,2022,Spring,2022,Spring,-189259.7012,-29004.77295,,,,,,,,,,,,,,,,,,,,,,,
4/6/2022,2022,Spring,2022,Spring,-151112.8203,-19729.73242,,,,,,,,,,,,,,,,,,,,,,,
4/7/2022,2022,Spring,2022,Spring,-138273.3359,-15641.11035,,,,,,,,,,,,,,,,,,,,,,,
4/8/2022,2022,Spring,2022,Spring,-124582.7422,-20640.67578,,,,,,,,,,,,,,,,,,,,,,,
4/9/2022,2022,Spring,2022,Spring,-95934.12891,-11325.62305,,,,,,,,,,,,,,,,,,,,,,,
4/10/2022,2022,Spring,2022,Spring,-136878.4238,-13364.14648,,,,,,,,,,,,,,,,,,,,,,,
4/11/2022,2022,Spring,2022,Spring,-109161.2324,-9114.001953,,,,,,,,,,,,,,,,,,,,,,,
4/12/2022,2022,Spring,2022,Spring,43918.43945,1667.490723,,,,,,,,,,,,,,,,,,,,,,,
4/13/2022,2022,Spring,2022,Spring,177158.4785,18375.15283,,,,,,,,,,,,,,,,,,,,,,,
4/14/2022,2022,Spring,2022,Spring,893041.5293,124281.2168,,,,,,,,,,,,,,,,,,,,,,,
4/15/2022,2022,Spring,2022,Spring,1235573.965,187603.5884,,,,,,,,,,,,,,,,,,,,,,,
4/16/2022,2022,Spring,2022,Spring,565307.6797,84092.20801,,,,,,,,,,,,,,,,,,,,,,,
4/17/2022,2022,Spring,2022,Spring,115776.2656,7793.498047,,,,,,,,,,,,,,,,,,,,,,,
4/18/2022,2022,Spring,2022,Spring,-108068.1699,-19400.54053,,,,,,,,,,,,,,,,,,,,,,,
4/19/2022,2022,Spring,2022,Spring,-242775.8594,-36968.23779,,,,,,,,,,,,,,,,,,,,,,,
4/20/2022,2022,Spring,2022,Spring,-283891.125,-43594.77588,,,,,,,,,,,,,,,,,,,,,,,
4/21/2022,2022,Spring,2022,Spring,-241465.5918,-38505.34668,,,,,,,,,,,,,,,,,,,,,,,
4/22/2022,2022,Spring,2022,Spring,-269512.793,-40922.13281,,,,,,,,,,,,,,,,,,,,,,,
4/23/2022,2022,Spring,2022,Spring,-286793.791,-37928.73828,,,,,,,,,,,,,,,,,,,,,,,
4/24/2022,2022,Spring,2022,Spring,-274364.0137,-34996.78271,,,,,,,,,,,,,,,,,,,,,,,
4/25/2022,2022,Spring,2022,Spring,-241948.0176,-35142.22705,,,,,,,,,,,,,,,,,,,,,,,
4/26/2022,2022,Spring,2022,Spring,-160923.2949,-21336.83691,,,,,,,,,,,,,,,,,,,,,,,
4/27/2022,2022,Spring,2022,Spring,-131796.5938,-14517.53467,,,,,,,,,,,,,,,,,,,,,,,
4/28/2022,2022,Spring,2022,Spring,-152044.1855,-23154,,,,,,,,,,,,,,,,,,,,,,,
4/29/2022,2022,Spring,2022,Spring,-198228.6699,-26134.62109,,,,,,,,,,,,,,,,,,,,,,,
4/30/2022,2022,Spring,2022,Spring,-133374.2324,-17300.26563,,,,,,,,,,,,,,,,,,,,,,,
5/1/2022,2022,Spring,2022,Spring,-161117.1289,-16172.07764,,,,,,,,,,,,,,,,,,,,,,,
5/2/2022,2022,Spring,2022,Spring,-313873.2969,20723.13281,,,,,,,,,,,,,,,,,,,,,,,
5/3/2022,2022,Spring,2022,Spring,-259215.0215,45461.64063,,,,,,,,,,,,,,,,,,,,,,,
5/4/2022,2022,Spring,2022,Spring,5313.794922,-926.4902344,,,,,,,,,,,,,,,,,,,,,,,
5/5/2022,2022,Spring,2022,Spring,45236.35742,-2295.606445,,,,,,,,,,,,,,,,,,,,,,,
5/6/2022,2022,Spring,2022,Spring,156943.6445,-241369.1221,,,,,,,,,,,,,,,,,,,,,,,
5/7/2022,2022,Spring,2022,Spring,893735.6172,20527.89258,,,,,,,,,,,,,,,,,,,,,,,
5/8/2022,2022,Spring,2022,Spring,1417929.787,148424.1514,,,,,,,,,,,,,,,,,,,,,,,
5/9/2022,2022,Spring,2022,Spring,527338.8477,68197.12988,,,,,,,,,,,,,,,,,,,,,,,
5/10/2022,2022,Spring,2022,Spring,-33326.32617,-6585.734375,,,,,,,,,,,,,,,,,,,,,,,
5/11/2022,2022,Spring,2022,Spring,-249192.3984,-34598.72168,,,,,,,,,,,,,,,,,,,,,,,
5/12/2022,2022,Spring,2022,Spring,-357781.1543,-45865.73828,,,,,,,,,,,,,,,,,,,,,,,
5/13/2022,2022,Spring,2022,Spring,-391526.332,-48213.35449,,,,,,,,,,,,,,,,,,,,,,,
5/14/2022,2022,Spring,2022,Spring,-415864.166,-48490.19238,,,,,,,,,,,,,,,,,,,,,,,
5/15/2022,2022,Spring,2022,Spring,-386982.7578,-43933.38037,,,,,,,,,,,,,,,,,,,,,,,
5/16/2022,2022,Spring,2022,Spring,-340270.584,-23767.9458,,,,,,,,,,,,,,,,,,,,,,,
5/17/2022,2022,Spring,2022,Spring,-393146.293,-9862.461426,,,,,,,,,,,,,,,,,,,,,,,
5/18/2022,2022,Spring,2022,Spring,-378586.3359,499.3668999,,,,,,,,,,,,,,,,,,,,,,,
5/19/2022,2022,Spring,2022,Spring,-260694.8965,9456.474571,,,,,,,,,,,,,,,,,,,,,,,
5/20/2022,2022,Spring,2022,Spring,-263914.7285,9975.84973,,,,,,,,,,,,,,,,,,,,,,,
5/21/2022,2022,Spring,2022,Spring,-235558.0059,9263.972573,,,,,,,,,,,,,,,,,,,,,,,
5/22/2022,2022,Spring,2022,Spring,117976.8262,-4683.268939,,,,,,,,,,,,,,,,,,,,,,,
5/23/2022,2022,Spring,2022,Spring,177649.5977,-6888.002651,,,,,,,,,,,,,,,,,,,,,,,
5/24/2022,2022,Spring,2022,Spring,50296.99805,-1915.140173,,,,,,,,,,,,,,,,,,,,,,,
5/25/2022,2022,Spring,2022,Spring,15747.91016,-596.5007884,,,,,,,,,,,,,,,,,,,,,,,
5/26/2022,2022,Spring,2022,Spring,852033.2578,-30186.50729,,,,,,,,,,,,,,,,,,,,,,,
5/27/2022,2022,Spring,2022,Spring,1566165.201,-46641.34983,,,,,,,,,,,,,,,,,,,,,,,
5/28/2022,2022,Spring,2022,Spring,1518816.117,-37976.69504,,,,,,,,,,,,,,,,,,,,,,,
5/29/2022,2022,Spring,2022,Spring,597062.5742,-13903.37114,,,,,,,,,,,,,,,,,,,,,,,
5/30/2022,2022,Spring,2022,Spring,-35112.75586,809.8372841,,,,,,,,,,,,,,,,,,,,,,,
5/31/2022,2022,Spring,2022,Spring,-323091.0898,7492.012897,,,,,,,,,,,,,,,,,,,,,,,
6/1/2022,2022,Spring,2022,Spring,-413614.8359,9744.192016,,,,,,,,,,,,,,,,,,,,,,,
6/2/2022,2022,Spring,2022,Spring,303494.1504,-7169.585257,,,,,,,,,,,,,,,,,,,,,,,
6/3/2022,2022,Spring,2022,Spring,-370000.9941,8757.563774,,,,,,,,,,,,,,,,,,,,,,,
6/4/2022,2022,Spring,2022,Spring,-353731.8477,8569.36888,,,,,,,,,,,,,,,,,,,,,,,
6/5/2022,2022,Spring,2022,Spring,-403925.9297,10089.72749,,,,,,,,,,,,,,,,,,,,,,,
6/6/2022,2022,Spring,2022,Spring,-382328.6895,9917.760495,,,,,,,,,,,,,,,,,,,,,,,
6/7/2022,2022,Spring,2022,Spring,-313754.7305,8453.981118,,,,,,,,,,,,,,,,,,,,,,,
6/8/2022,2022,Spring,2022,Spring,-276199.1582,7708.808103,,,,,,,,,,,,,,,,,,,,,,,
6/9/2022,2022,Spring,2022,Spring,-87620.56641,2502.023707,,,,,,,,,,,,,,,,,,,,,,,
6/10/2022,2022,Spring,2022,Spring,46917.83594,-1343.254709,,,,,,,,,,,,,,,,,,,,,,,
6/11/2022,2022,Spring,2022,Spring,-11280.56836,322.2197302,,,,,,,,,,,,,,,,,,,,,,,
6/12/2022,2022,Spring,2022,Spring,414394.7637,-11543.44056,,,,,,,,,,,,,,,,,,,,,,,
6/13/2022,2022,Spring,2022,Spring,1125457.775,-28836.97032,,,,,,,,,,,,,,,,,,,,,,,
6/14/2022,2022,Spring,2022,Spring,900492.9629,-21316.82824,,,,,,,,,,,,,,,,,,,,,,,
6/15/2022,2022,Summer,2022,Spring,302781.3105,-6986.567255,,,,,,,,,,,,,,,,,,,,,,,
6/16/2022,2022,Summer,2022,Spring,-34272.91406,788.4147532,,,,,,,,,,,,,,,,,,,,,,,
6/17/2022,2022,Summer,2022,Spring,-398613.1465,9219.573074,,,,,,,,,,,,,,,,,,,,,,,
6/18/2022,2022,Summer,2022,Spring,-574962.9258,13572.99767,,,,,,,,,,,,,,,,,,,,,,,
6/19/2022,2022,Summer,2022,Spring,-567689.4414,13919.47089,,,,,,,,,,,,,,,,,,,,,,,
6/20/2022,2022,Summer,2022,Spring,-546408.2324,14089.59741,,,,,,,,,,,,,,,,,,,,,,,
6/21/2022,2022,Summer,2022,Spring,-520195.418,14225.68835,,,,,,,,,,,,,,,,,,,,,,,
6/22/2022,2022,Summer,2022,Spring,-528393.5371,15437.50477,,,,,,,,,,,,,,,,,,,,,,,
6/23/2022,2022,Summer,2022,Spring,-496731.9961,15577.53313,,,,,,,,,,,,,,,,,,,,,,,
6/24/2022,2022,Summer,2022,Spring,-560251.5156,18995.84588,,,,,,,,,,,,,,,,,,,,,,,
6/25/2022,2022,Summer,2022,Spring,-542046.4492,20008.82179,,,,,,,,,,,,,,,,,,,,,,,
6/26/2022,2022,Summer,2022,Spring,-505053.4219,20256.20054,,,,,,,,,,,,,,,,,,,,,,,
6/27/2022,2022,Summer,2022,Spring,-393226.8203,16950.23298,,,,,,,,,,,,,,,,,,,,,,,
6/28/2022,2022,Summer,2022,Spring,-533174.7676,24772.90686,,,,,,,,,,,,,,,,,,,,,,,
6/29/2022,2022,Summer,2022,Spring,-481996.6523,24306.23425,,,,,,,,,,,,,,,,,,,,,,,
6/30/2022,2022,Summer,2022,Spring,-472212.8594,25706.87663,,,,,,,,,,,,,,,,,,,,,,,
7/1/2022,2022,Summer,2022,Summer,-467929.1875,27447.97321,,,,,,,,,,,,,,,,,,,,,,,
7/2/2022,2022,Summer,2022,Summer,-383421.8203,24042.27089,,,,,,,,,,,,,,,,,,,,,,,
7/3/2022,2022,Summer,2022,Summer,-447271.0469,29908.1952,,,,,,,,,,,,,,,,,,,,,,,
7/4/2022,2022,Summer,2022,Summer,-428344.3281,30616.97857,,,,,,,,,,,,,,,,,,,,,,,
7/5/2022,2022,Summer,2022,Summer,-79178.61914,5878.70045,,,,,,,,,,,,,,,,,,,,,,,
7/6/2022,2022,Summer,2022,Summer,413966.3242,-116780.563,,,,,,,,,,,,,,,,,,,,,,,
7/7/2022,2022,Summer,2022,Summer,883143.8027,2074.383789,,,,,,,,,,,,,,,,,,,,,,,
7/8/2022,2022,Summer,2022,Summer,846440.459,-1463.575195,,,,,,,,,,,,,,,,,,,,,,,
7/9/2022,2022,Summer,2022,Summer,322689.4727,-3344.577148,,,,,,,,,,,,,,,,,,,,,,,
7/10/2022,2022,Summer,2022,Summer,-195259.6934,7075.207031,,,,,,,,,,,,,,,,,,,,,,,
7/11/2022,2022,Summer,2022,Summer,-279427.2969,52791.1582,,,,,,,,,,,,,,,,,,,,,,,
7/12/2022,2022,Summer,2022,Summer,-363094.4355,59959.25293,,,,,,,,,,,,,,,,,,,,,,,
7/13/2022,2022,Summer,2022,Summer,-418524.5996,2078.567383,,,,,,,,,,,,,,,,,,,,,,,
7/14/2022,2022,Summer,2022,Summer,-398610.1426,-59423.20586,,,,,,,,,,,,,,,,,,,,,,,
7/15/2022,2022,Summer,2022,Summer,-414169.3516,28237.87504,,,,,,,,,,,,,,,,,,,,,,,
7/16/2022,2022,Summer,2022,Summer,-331811.5293,23939.00419,,,,,,,,,,,,,,,,,,,,,,,
7/17/2022,2022,Summer,2022,Summer,131772.6191,-9650.327863,,,,,,,,,,,,,,,,,,,,,,,
7/18/2022,2022,Summer,2022,Summer,412972.0801,-29029.55285,,,,,,,,,,,,,,,,,,,,,,,
7/19/2022,2022,Summer,2022,Summer,517270.0195,-33865.91116,,,,,,,,,,,,,,,,,,,,,,,
7/20/2022,2022,Summer,2022,Summer,152298.168,-9464.326087,,,,,,,,,,,,,,,,,,,,,,,
7/21/2022,2022,Summer,2022,Summer,-111545.6035,6909.742647,,,,,,,,,,,,,,,,,,,,,,,
7/22/2022,2022,Summer,2022,Summer,-313226.793,20056.49918,,,,,,,,,,,,,,,,,,,,,,,
7/23/2022,2022,Summer,2022,Summer,-166241.5664,11045.69405,,,,,,,,,,,,,,,,,,,,,,,
7/24/2022,2022,Summer,2022,Summer,-162490.5566,11072.00704,,,,,,,,,,,,,,,,,,,,,,,
7/25/2022,2022,Summer,2022,Summer,-255997.3047,18008.66335,,,,,,,,,,,,,,,,,,,,,,,
7/26/2022,2022,Summer,2022,Summer,-218936.1973,15963.3161,,,,,,,,,,,,,,,,,,,,,,,
7/27/2022,2022,Summer,2022,Summer,-134856.9258,10096.43471,,,,,,,,,,,,,,,,,,,,,,,
7/28/2022,2022,Summer,2022,Summer,-160328.5859,12269.77977,,,,,,,,,,,,,,,,,,,,,,,
7/29/2022,2022,Summer,2022,Summer,-403357.8145,32179.86819,,,,,,,,,,,,,,,,,,,,,,,
7/30/2022,2022,Summer,2022,Summer,-305169.3008,25630.99383,,,,,,,,,,,,,,,,,,,,,,,
7/31/2022,2022,Summer,2022,Summer,-325622.0664,-4277.444353,,,,,,,,,,,,,,,,,,,,,,,
8/1/2022,2022,Summer,2022,Summer,-284149.3965,-4277.444353,,,,,,,,,,,,,,,,,,,,,,,
8/2/2022,2022,Summer,2022,Summer,-251716.916,-8554.888705,,,,,,,,,,,,,,,,,,,,,,,
8/3/2022,2022,Summer,2022,Summer,-281322.9238,-17109.77741,,,,,,,,,,,,,,,,,,,,,,,
8/4/2022,2022,Summer,2022,Summer,-339974.5664,-34219.55482,,,,,,,,,,,,,,,,,,,,,,,
8/5/2022,2022,Summer,2022,Summer,-424759.1289,-68439.10964,,,,,,,,,,,,,,,,,,,,,,,
8/6/2022,2022,Summer,2022,Summer,-195697.4434,-68439.10964,,,,,,,,,,,,,,,,,,,,,,,
8/7/2022,2022,Summer,2022,Summer,-299590.332,-34219.55482,,,,,,,,,,,,,,,,,,,,,,,
8/8/2022,2022,Summer,2022,Summer,-230797.4141,-17109.77741,,,,,,,,,,,,,,,,,,,,,,,
8/9/2022,2022,Summer,2022,Summer,-266940.0684,-8554.888705,,,,,,,,,,,,,,,,,,,,,,,
8/10/2022,2022,Summer,2022,Summer,502561.5879,-4277.444353,,,,,,,,,,,,,,,,,,,,,,,
8/11/2022,2022,Summer,2022,Summer,-31705.32813,-4277.444353,,,,,,,,,,,,,,,,,,,,,,,
8/12/2022,2022,Summer,2022,Summer,-576186.3086,-19343.78906,,,,,,,,,,,,,,,,,,,,,,,
8/13/2022,2022,Summer,2022,Summer,-615633.6816,-34579.59375,,,,,,,,,,,,,,,,,,,,,,,
8/14/2022,2022,Summer,2022,Summer,799571.1211,-42596.95264,,,,,,,,,,,,,,,,,,,,,,,
8/15/2022,2022,Summer,2022,Summer,1254954.02,-42937.63525,,,,,,,,,,,,,,,,,,,,,,,
8/16/2022,2022,Summer,2022,Summer,793937.0176,-42605.37451,,,,,,,,,,,,,,,,,,,,,,,
8/17/2022,2022,Summer,2022,Summer,39124.73047,-44280.01514,,,,,,,,,,,,,,,,,,,,,,,
8/18/2022,2022,Summer,2022,Summer,-51668.10547,-42014.11035,,,,,,,,,,,,,,,,,,,,,,,
8/19/2022,2022,Summer,2022,Summer,-76291.42188,-44468.37451,,,,,,,,,,,,,,,,,,,,,,,
8/20/2022,2022,Summer,2022,Summer,-72361.72266,-33657.62305,,,,,,,,,,,,,,,,,,,,,,,
8/21/2022,2022,Summer,2022,Summer,-35361.29883,-27676.18457,,,,,,,,,,,,,,,,,,,,,,,
8/22/2022,2022,Summer,2022,Summer,77036.96875,-11174.85156,,,,,,,,,,,,,,,,,,,,,,,
8/23/2022,2022,Summer,2022,Summer,123447.0449,-1969.348145,,,,,,,,,,,,,,,,,,,,,,,
8/24/2022,2022,Summer,2022,Summer,51548.43945,-11680.86768,,,,,,,,,,,,,,,,,,,,,,,
8/25/2022,2022,Summer,2022,Summer,-50512.66602,-18740.90527,,,,,,,,,,,,,,,,,,,,,,,
8/26/2022,2022,Summer,2022,Summer,-104080.2871,-15537.08643,,,,,,,,,,,,,,,,,,,,,,,
8/27/2022,2022,Summer,2022,Summer,-119670.373,-16364.10986,,,,,,,,,,,,,,,,,,,,,,,
8/28/2022,2022,Summer,2022,Summer,-102180.9453,-19584.34961,,,,,,,,,,,,,,,,,,,,,,,
8/29/2022,2022,Summer,2022,Summer,-12907.50586,-15215.04785,,,,,,,,,,,,,,,,,,,,,,,
8/30/2022,2022,Summer,2022,Summer,-17399.28516,-10538.87646,,,,,,,,,,,,,,,,,,,,,,,
8/31/2022,2022,Summer,2022,Summer,-72593.40625,-15931.83838,,,,,,,,,,,,,,,,,,,,,,,
9/1/2022,2022,Summer,2022,Summer,-67963.49609,-11747.06982,,,,,,,,,,,,,,,,,,,,,,,
9/2/2022,2022,Summer,2022,Summer,-55121.41211,-11693.23291,,,,,,,,,,,,,,,,,,,,,,,
9/3/2022,2022,Summer,2022,Summer,-64760.96094,-13674.98877,,,,,,,,,,,,,,,,,,,,,,,
9/4/2022,2022,Summer,2022,Summer,-42864.68945,-10638.97461,,,,,,,,,,,,,,,,,,,,,,,
9/5/2022,2022,Summer,2022,Summer,239082.166,1524.456055,,,,,,,,,,,,,,,,,,,,,,,
9/6/2022,2022,Summer,2022,Summer,659212.125,56098.65723,,,,,,,,,,,,,,,,,,,,,,,
9/7/2022,2022,Summer,2022,Summer,292173.8145,161582.3164,,,,,,,,,,,,,,,,,,,,,,,
9/8/2022,2022,Summer,2022,Summer,-18734.92383,119441.0967,,,,,,,,,,,,,,,,,,,,,,,
9/9/2022,2022,Summer,2022,Summer,-150130.9219,16339.7251,,,,,,,,,,,,,,,,,,,,,,,
9/10/2022,2022,Summer,2022,Summer,-192683.9785,-64670.41309,,,,,,,,,,,,,,,,,,,,,,,
9/11/2022,2022,Summer,2022,Summer,-189766.7051,-82845.6709,,,,,,,,,,,,,,,,,,,,,,,
9/12/2022,2022,Summer,2022,Summer,-106431.5957,-61817.72559,,,,,,,,,,,,,,,,,,,,,,,
9/13/2022,2022,Summer,2022,Summer,-117213.127,-38909.44824,,,,,,,,,,,,,,,,,,,,,,,
9/14/2022,2022,Summer,2022,Summer,-101974.9102,-4925.796387,,,,,,,,,,,,,,,,,,,,,,,
9/15/2022,2022,Fall,2022,Summer,-83764.70313,-23275.09521,,,,,,,,,,,,,,,,,,,,,,,
9/16/2022,2022,Fall,2022,Summer,-115757.3887,-30084.43262,,,,,,,,,,,,,,,,,,,,,,,
9/17/2022,2022,Fall,2022,Summer,-110423.5645,-28721.15332,,,,,,,,,,,,,,,,,,,,,,,
9/18/2022,2022,Fall,2022,Summer,-91129.69922,-25736.51807,,,,,,,,,,,,,,,,,,,,,,,
9/19/2022,2022,Fall,2022,Summer,-85925.00977,-21728.7915,,,,,,,,,,,,,,,,,,,,,,,
9/20/2022,2022,Fall,2022,Summer,-79634.78516,-17437.70654,,,,,,,,,,,,,,,,,,,,,,,
9/21/2022,2022,Fall,2022,Summer,-54426.27148,-16351.49561,,,,,,,,,,,,,,,,,,,,,,,
9/22/2022,2022,Fall,2022,Summer,21330.74805,-12425.04785,,,,,,,,,,,,,,,,,,,,,,,
9/23/2022,2022,Fall,2022,Summer,183585.1211,-2141.062012,,,,,,,,,,,,,,,,,,,,,,,
9/24/2022,2022,Fall,2022,Summer,66524.73047,-2354.276367,,,,,,,,,,,,,,,,,,,,,,,
9/25/2022,2022,Fall,2022,Summer,-31064.3125,-1091.221191,,,,,,,,,,,,,,,,,,,,,,,
9/26/2022,2022,Fall,2022,Summer,-93336.67969,-5366.870117,,,,,,,,,,,,,,,,,,,,,,,
9/27/2022,2022,Fall,2022,Summer,-110083.0117,-8003.150879,,,,,,,,,,,,,,,,,,,,,,,
9/28/2022,2022,Fall,2022,Summer,-84485.55078,-7399.130371,,,,,,,,,,,,,,,,,,,,,,,
9/29/2022,2022,Fall,2022,Summer,-71668.86719,-6101.400391,,,,,,,,,,,,,,,,,,,,,,,
9/30/2022,2022,Fall,2022,Summer,-65290.44922,-7859.143555,,,,,,,,,,,,,,,,,,,,,,,
10/1/2022,2022,Fall,2023,Fall,-68746.66016,-8714.634277,,,,,,,,,,,,,,,,,,,,,,,
10/2/2022,2022,Fall,2023,Fall,-57062.83398,-7937.338379,,,,,,,,,,,,,,,,,,,,,,,
10/3/2022,2022,Fall,2023,Fall,-22709.18555,-5527.703125,,,,,,,,,,,,,,,,,,,,,,,
10/4/2022,2022,Fall,2023,Fall,-47074.16992,-6928.581543,,,,,,,,,,,,,,,,,,,,,,,
10/5/2022,2022,Fall,2023,Fall,-19455.03711,-7382.890625,,,,,,,,,,,,,,,,,,,,,,,
10/6/2022,2022,Fall,2023,Fall,-29831.42773,-8780.885254,,,,,,,,,,,,,,,,,,,,,,,
10/7/2022,2022,Fall,2023,Fall,-40138.92969,-12324.7041,,,,,,,,,,,,,,,,,,,,,,,
10/8/2022,2022,Fall,2023,Fall,-28058.75977,-2871.811523,,,,,,,,,,,,,,,,,,,,,,,
10/9/2022,2022,Fall,2023,Fall,-34984.02148,0,,,,,,,,,,,,,,,,,,,,,,,
10/10/2022,2022,Fall,2023,Fall,-29549.65625,0,,,,,,,,,,,,,,,,,,,,,,,
10/11/2022,2022,Fall,2023,Fall,-24152.87109,0,,,,,,,,,,,,,,,,,,,,,,,
10/12/2022,2022,Fall,2023,Fall,-29792.43164,0,,,,,,,,,,,,,,,,,,,,,,,
10/13/2022,2022,Fall,2023,Fall,-8376.894531,0,,,,,,,,,,,,,,,,,,,,,,,
10/14/2022,2022,Fall,2023,Fall,-22527.54492,0,,,,,,,,,,,,,,,,,,,,,,,
10/15/2022,2022,Fall,2023,Fall,-31929.22461,0,,,,,,,,,,,,,,,,,,,,,,,
10/16/2022,2022,Fall,2023,Fall,-8777.078125,0,,,,,,,,,,,,,,,,,,,,,,,
10/17/2022,2022,Fall,2023,Fall,-863.21875,0,,,,,,,,,,,,,,,,,,,,,,,
10/18/2022,2022,Fall,2023,Fall,2175.539063,0,,,,,,,,,,,,,,,,,,,,,,,
10/19/2022,2022,Fall,2023,Fall,6358.302734,0,,,,,,,,,,,,,,,,,,,,,,,
10/20/2022,2022,Fall,2023,Fall,-7049.03125,0,,,,,,,,,,,,,,,,,,,,,,,
10/21/2022,2022,Fall,2023,Fall,-3003.783203,0,,,,,,,,,,,,,,,,,,,,,,,
10/22/2022,2022,Fall,2023,Fall,-5347.978516,0,,,,,,,,,,,,,,,,,,,,,,,
10/23/2022,2022,Fall,2023,Fall,-18079.98828,0,,,,,,,,,,,,,,,,,,,,,,,
10/24/2022,2022,Fall,2023,Fall,-3712.779297,0,,,,,,,,,,,,,,,,,,,,,,,
10/25/2022,2022,Fall,2023,Fall,-3023.583984,0,,,,,,,,,,,,,,,,,,,,,,,
10/26/2022,2022,Fall,2023,Fall,53992.61328,0,,,,,,,,,,,,,,,,,,,,,,,
10/27/2022,2022,Fall,2023,Fall,103.9492188,0,,,,,,,,,,,,,,,,,,,,,,,
10/28/2022,2022,Fall,2023,Fall,-25968.45508,0,,,,,,,,,,,,,,,,,,,,,,,
10/29/2022,2022,Fall,2023,Fall,-8379.462891,0,,,,,,,,,,,,,,,,,,,,,,,
10/30/2022,2022,Fall,2023,Fall,-11842.98047,0,,,,,,,,,,,,,,,,,,,,,,,
10/31/2022,2022,Fall,2023,Fall,22396.74023,0,,,,,,,,,,,,,,,,,,,,,,,
11/1/2022,2022,Fall,2023,Fall,19014.22266,0,,,,,,,,,,,,,,,,,,,,,,,
11/2/2022,2022,Fall,2023,Fall,-4672.490234,0,,,,,,,,,,,,,,,,,,,,,,,
11/3/2022,2022,Fall,2023,Fall,-10198.11523,0,,,,,,,,,,,,,,,,,,,,,,,
11/4/2022,2022,Fall,2023,Fall,-22824.64844,0,,,,,,,,,,,,,,,,,,,,,,,
11/5/2022,2022,Fall,2023,Fall,-3474.943359,0,,,,,,,,,,,,,,,,,,,,,,,
11/6/2022,2022,Fall,2023,Fall,-6152.404297,0,,,,,,,,,,,,,,,,,,,,,,,
11/7/2022,2022,Fall,2023,Fall,-13113.56445,0,,,,,,,,,,,,,,,,,,,,,,,
11/8/2022,2022,Fall,2023,Fall,-22144.87109,0,,,,,,,,,,,,,,,,,,,,,,,
11/9/2022,2022,Fall,2023,Fall,-20533.06445,0,,,,,,,,,,,,,,,,,,,,,,,
11/10/2022,2022,Fall,2023,Fall,-30399.41992,0,,,,,,,,,,,,,,,,,,,,,,,
11/11/2022,2022,Fall,2023,Fall,1694.285156,0,,,,,,,,,,,,,,,,,,,,,,,
11/12/2022,2022,Fall,2023,Fall,48554.93164,417.1411133,,,,,,,,,,,,,,,,,,,,,,,
11/13/2022,2022,Fall,2023,Fall,-3654.195313,662.6362305,,,,,,,,,,,,,,,,,,,,,,,
11/14/2022,2022,Fall,2023,Fall,-14833.41602,-675.0058594,,,,,,,,,,,,,,,,,,,,,,,
11/15/2022,2022,Fall,2023,Fall,-5685.107422,235.1220703,,,,,,,,,,,,,,,,,,,,,,,
11/16/2022,2022,Fall,2023,Fall,-4625.875,0,,,,,,,,,,,,,,,,,,,,,,,
11/17/2022,2022,Fall,2023,Fall,4081.472656,1026.529785,,,,,,,,,,,,,,,,,,,,,,,
11/18/2022,2022,Fall,2023,Fall,-2007.066406,1464.637207,,,,,,,,,,,,,,,,,,,,,,,
11/19/2022,2022,Fall,2023,Fall,-14132.74023,-1275.011719,,,,,,,,,,,,,,,,,,,,,,,
11/20/2022,2022,Fall,2023,Fall,-2035.666016,-1067.545898,,,,,,,,,,,,,,,,,,,,,,,
11/21/2022,2022,Fall,2023,Fall,-20589.55859,3570.445313,,,,,,,,,,,,,,,,,,,,,,,
11/22/2022,2022,Fall,2023,Fall,-9154.681641,1221.033203,,,,,,,,,,,,,,,,,,,,,,,
11/23/2022,2022,Fall,2023,Fall,-7792.460938,-1296.375488,,,,,,,,,,,,,,,,,,,,,,,
11/24/2022,2022,Fall,2023,Fall,-17773.43945,-689.6313477,,,,,,,,,,,,,,,,,,,,,,,
11/25/2022,2022,Fall,2023,Fall,-2688.349609,-1090.291016,,,,,,,,,,,,,,,,,,,,,,,
11/26/2022,2022,Fall,2023,Fall,-2284.144531,852.4750977,,,,,,,,,,,,,,,,,,,,,,,
11/27/2022,2022,Fall,2023,Fall,61334.30859,-1748.77002,,,,,,,,,,,,,,,,,,,,,,,
11/28/2022,2022,Fall,2023,Fall,65320.57617,230.0019531,,,,,,,,,,,,,,,,,,,,,,,
11/29/2022,2022,Fall,2023,Fall,34111.88281,-642.8710938,,,,,,,,,,,,,,,,,,,,,,,
11/30/2022,2022,Fall,2023,Fall,66697.46875,1062.99707,,,,,,,,,,,,,,,,,,,,,,,
12/1/2022,2022,Fall,2023,Fall,14689.16211,2365.299805,,,,,,,,,,,,,,,,,,,,,,,
12/2/2022,2022,Fall,2023,Fall,-47398.58789,-2689.012695,,,,,,,,,,,,,,,,,,,,,,,
12/3/2022,2022,Fall,2023,Fall,-37021.69727,1191.005371,,,,,,,,,,,,,,,,,,,,,,,
12/4/2022,2022,Fall,2023,Fall,-13426.78516,1149.381348,,,,,,,,,,,,,,,,,,,,,,,
12/5/2022,2022,Fall,2023,Fall,-37919.07031,-1355.545898,,,,,,,,,,,,,,,,,,,,,,,
12/6/2022,2022,Fall,2023,Fall,-27622.93164,-798.1328125,,,,,,,,,,,,,,,,,,,,,,,
12/7/2022,2022,Fall,2023,Fall,-9840.625,-265.2001953,,,,,,,,,,,,,,,,,,,,,,,
12/8/2022,2022,Fall,2023,Fall,-10498.68945,488.8959961,,,,,,,,,,,,,,,,,,,,,,,
12/9/2022,2022,Fall,2023,Fall,-17265.51758,284.2666016,,,,,,,,,,,,,,,,,,,,,,,
12/10/2022,2022,Fall,2023,Fall,-10711.06836,-52.28466797,,,,,,,,,,,,,,,,,,,,,,,
12/11/2022,2022,Fall,2023,Fall,-20356.69922,207.3378906,,,,,,,,,,,,,,,,,,,,,,,
12/12/2022,2022,Fall,2023,Fall,-13503.20117,121.2177734,,,,,,,,,,,,,,,,,,,,,,,
12/13/2022,2022,Fall,2023,Fall,-14500.9707,198.7504883,,,,,,,,,,,,,,,,,,,,,,,
12/14/2022,2022,Fall,2023,Fall,-17453.31055,-579.2836914,,,,,,,,,,,,,,,,,,,,,,,
12/15/2022,2022,Winter,2023,Fall,35860.30664,-631.8637695,,,,,,,,,,,,,,,,,,,,,,,
12/16/2022,2022,Winter,2023,Fall,9756.90625,828.9458008,,,,,,,,,,,,,,,,,,,,,,,
12/17/2022,2022,Winter,2023,Fall,8385.835938,1140.416016,,,,,,,,,,,,,,,,,,,,,,,
12/18/2022,2022,Winter,2023,Fall,21732.26953,-873.0541992,,,,,,,,,,,,,,,,,,,,,,,
12/19/2022,2022,Winter,2023,Fall,12053.16602,-2313.54834,,,,,,,,,,,,,,,,,,,,,,,
12/20/2022,2022,Winter,2023,Fall,-14976.1543,1613.711914,,,,,,,,,,,,,,,,,,,,,,,
12/21/2022,2022,Winter,2023,Fall,4686.208984,-816.5058594,,,,,,,,,,,,,,,,,,,,,,,
12/22/2022,2022,Winter,2023,Fall,3530.323242,2048.696777,,,,,,,,,,,,,,,,,,,,,,,
12/23/2022,2022,Winter,2023,Fall,5000,6226.20166,,,,,,,,,,,,,,,,,,,,,,,
12/24/2022,2022,Winter,2023,Fall,0,-251.6054688,,,,,,,,,,,,,,,,,,,,,,,
12/25/2022,2022,Winter,2023,Fall,-1000,-1804.338867,,,,,,,,,,,,,,,,,,,,,,,
12/26/2022,2022,Winter,2023,Fall,0,108.5996094,,,,,,,,,,,,,,,,,,,,,,,
12/27/2022,2022,Winter,2023,Fall,-4000,-3544.731445,,,,,,,,,,,,,,,,,,,,,,,
12/28/2022,2022,Winter,2023,Fall,0,-1192.777832,,,,,,,,,,,,,,,,,,,,,,,
12/29/2022,2022,Winter,2023,Fall,0,-1086.062988,,,,,,,,,,,,,,,,,,,,,,,
12/30/2022,2022,Winter,2023,Fall,0,-28.94140625,,,,,,,,,,,,,,,,,,,,,,,
12/31/2022,2022,Winter,2023,Fall,0,458.5341797,,,,,,,,,,,,,,,,,,,,,,,
1/1/2023,2023,Winter,2023,Winter,20000,14675.06934,,,,,,,,,,,,,,,,,,,,,,,
1/2/2023,2023,Winter,2023,Winter,0,97665.61182,,,,,,,,,,,,,,,,,,,,,,,
1/3/2023,2023,Winter,2023,Winter,0,102430.4209,,,,,,,,,,,,,,,,,,,,,,,
1/4/2023,2023,Winter,2023,Winter,0,82687.62012,,,,,,,,,,,,,,,,,,,,,,,
1/5/2023,2023,Winter,2023,Winter,0,91729.26904,,,,,,,,,,,,,,,,,,,,,,,
1/6/2023,2023,Winter,2023,Winter,100000,61948.75684,,,,,,,,,,,,,,,,,,,,,,,
1/7/2023,2023,Winter,2023,Winter,0,35328.37109,,,,,,,,,,,,,,,,,,,,,,,
1/8/2023,2023,Winter,2023,Winter,0,12035.31543,,,,,,,,,,,,,,,,,,,,,,,
1/9/2023,2023,Winter,2023,Winter,0,-1832.68457,,,,,,,,,,,,,,,,,,,,,,,
1/10/2023,2023,Winter,2023,Winter,0,-24344.26221,,,,,,,,,,,,,,,,,,,,,,,
1/11/2023,2023,Winter,2023,Winter,0,-45685.01758,,,,,,,,,,,,,,,,,,,,,,,
1/12/2023,2023,Winter,2023,Winter,0,-39256.07813,,,,,,,,,,,,,,,,,,,,,,,
1/13/2023,2023,Winter,2023,Winter,0,46830.1167,,,,,,,,,,,,,,,,,,,,,,,
1/14/2023,2023,Winter,2023,Winter,0,111991.9419,,,,,,,,,,,,,,,,,,,,,,,
1/15/2023,2023,Winter,2023,Winter,0,66680.3208,,,,,,,,,,,,,,,,,,,,,,,
1/16/2023,2023,Winter,2023,Winter,0,23005.0791,,,,,,,,,,,,,,,,,,,,,,,
1/17/2023,2023,Winter,2023,Winter,0,4037.001953,,,,,,,,,,,,,,,,,,,,,,,
1/18/2023,2023,Winter,2023,Winter,0,1064.173828,,,,,,,,,,,,,,,,,,,,,,,
1/19/2023,2023,Winter,2023,Winter,0,44676.44531,,,,,,,,,,,,,,,,,,,,,,,
1/20/2023,2023,Winter,2023,Winter,0,57774.07617,,,,,,,,,,,,,,,,,,,,,,,
1/21/2023,2023,Winter,2023,Winter,250000,25964.0415,,,,,,,,,,,,,,,,,,,,,,,
1/22/2023,2023,Winter,2023,Winter,0,2711.130371,,,,,,,,,,,,,,,,,,,,,,,
1/23/2023,2023,Winter,2023,Winter,0,-11593.59131,,,,,,,,,,,,,,,,,,,,,,,
1/24/2023,2023,Winter,2023,Winter,0,-11593.8667,,,,,,,,,,,,,,,,,,,,,,,
1/25/2023,2023,Winter,2023,Winter,0,4774.695313,,,,,,,,,,,,,,,,,,,,,,,
1/26/2023,2023,Winter,2023,Winter,250000,17347.08789,,,,,,,,,,,,,,,,,,,,,,,
1/27/2023,2023,Winter,2023,Winter,0,30001.52637,,,,,,,,,,,,,,,,,,,,,,,
1/28/2023,2023,Winter,2023,Winter,0,-1094.610352,,,,,,,,,,,,,,,,,,,,,,,
1/29/2023,2023,Winter,2023,Winter,250000,-644.6196289,,,,,,,,,,,,,,,,,,,,,,,
1/30/2023,2023,Winter,2023,Winter,0,22622.78906,,,,,,,,,,,,,,,,,,,,,,,
1/31/2023,2023,Winter,2023,Winter,250000,10335.63721,,,,,,,,,,,,,,,,,,,,,,,
2/1/2023,2023,Winter,2023,Winter,0,-11274.71973,,,,,,,,,,,,,,,,,,,,,,,
2/2/2023,2023,Winter,2023,Winter,-250000,-19394.48633,,,,,,,,,,,,,,,,,,,,,,,
2/3/2023,2023,Winter,2023,Winter,-250000,-15868.70117,,,,,,,,,,,,,,,,,,,,,,,
2/4/2023,2023,Winter,2023,Winter,0,-15880.479,,,,,,,,,,,,,,,,,,,,,,,
2/5/2023,2023,Winter,2023,Winter,0,-12927.53271,,,,,,,,,,,,,,,,,,,,,,,
2/6/2023,2023,Winter,2023,Winter,-350000,-8943.418945,,,,,,,,,,,,,,,,,,,,,,,
2/7/2023,2023,Winter,2023,Winter,0,-10924.46191,,,,,,,,,,,,,,,,,,,,,,,
2/8/2023,2023,Winter,2023,Winter,0,-5330.166504,,,,,,,,,,,,,,,,,,,,,,,
2/9/2023,2023,Winter,2023,Winter,0,11838.31299,,,,,,,,,,,,,,,,,,,,,,,
2/10/2023,2023,Winter,2023,Winter,909808.2295,16240.24658,,,,,,,,,,,,,,,,,,,,,,,
2/11/2023,2023,Winter,2023,Winter,441110.709,23319.33105,,,,,,,,,,,,,,,,,,,,,,,
2/12/2023,2023,Winter,2023,Winter,-76945.89844,2996.034668,,,,,,,,,,,,,,,,,,,,,,,
2/13/2023,2023,Winter,2023,Winter,-97980.53711,-4587.898926,,,,,,,,,,,,,,,,,,,,,,,
2/14/2023,2023,Winter,2023,Winter,141260.793,-7762.322266,,,,,,,,,,,,,,,,,,,,,,,
2/15/2023,2023,Winter,2023,Winter,-343697.6914,-7663.183105,,,,,,,,,,,,,,,,,,,,,,,
2/16/2023,2023,Winter,2023,Winter,-186500.8379,-534.9277344,,,,,,,,,,,,,,,,,,,,,,,
2/17/2023,2023,Winter,2023,Winter,150156.4805,914.4980469,,,,,,,,,,,,,,,,,,,,,,,
2/18/2023,2023,Winter,2023,Winter,-210459.043,-9249.382324,,,,,,,,,,,,,,,,,,,,,,,
2/19/2023,2023,Winter,2023,Winter,-259163.5273,-8994.960449,,,,,,,,,,,,,,,,,,,,,,,
2/20/2023,2023,Winter,2023,Winter,-6809.677734,-3047.238281,,,,,,,,,,,,,,,,,,,,,,,
2/21/2023,2023,Winter,2023,Winter,-92343.21289,-3933.571777,,,,,,,,,,,,,,,,,,,,,,,
2/22/2023,2023,Winter,2023,Winter,-172509.0762,8639.173828,,,,,,,,,,,,,,,,,,,,,,,
2/23/2023,2023,Winter,2023,Winter,169411.8867,3870.968262,,,,,,,,,,,,,,,,,,,,,,,
2/24/2023,2023,Winter,2023,Winter,829225.9355,22092.98535,,,,,,,,,,,,,,,,,,,,,,,
2/25/2023,2023,Winter,2023,Winter,74454.76367,22859.16113,,,,,,,,,,,,,,,,,,,,,,,
2/26/2023,2023,Winter,2023,Winter,317180.9766,11464.06104,,,,,,,,,,,,,,,,,,,,,,,
2/27/2023,2023,Winter,2023,Winter,-459405.4063,8987.680176,,,,,,,,,,,,,,,,,,,,,,,
2/28/2023,2023,Winter,2023,Winter,1131718.762,32679.25439,,,,,,,,,,,,,,,,,,,,,,,
3/1/2023,2023,Winter,2023,Winter,117504.9004,17453.38916,,,,,,,,,,,,,,,,,,,,,,,
3/2/2023,2023,Winter,2023,Winter,713626.8691,-9655.656738,,,,,,,,,,,,,,,,,,,,,,,
3/3/2023,2023,Winter,2023,Winter,632167.2148,184129.6606,,,,,,,,,,,,,,,,,,,,,,,
3/4/2023,2023,Winter,2023,Winter,37482251.79,5190156.067,,,,,,,,,,,,,,,,,,,,,,,
3/5/2023,2023,Winter,2023,Winter,-11688136.15,-2198900.213,,,,,,,,,,,,,,,,,,,,,,,
3/6/2023,2023,Winter,2023,Winter,-9082820.453,-1403781.75,,,,,,,,,,,,,,,,,,,,,,,
3/7/2023,2023,Winter,2023,Winter,-634265.4922,-279873.0918,,,,,,,,,,,,,,,,,,,,,,,
3/8/2023,2023,Winter,2023,Winter,-1909248.066,-259970.0024,,,,,,,,,,,,,,,,,,,,,,,
3/9/2023,2023,Winter,2023,Winter,-1591111.246,-261457.5747,,,,,,,,,,,,,,,,,,,,,,,
3/10/2023,2023,Winter,2023,Winter,-2202676.777,-225939.1455,,,,,,,,,,,,,,,,,,,,,,,
3/11/2023,2023,Winter,2023,Winter,-644843.6094,-208353.7969,,,,,,,,,,,,,,,,,,,,,,,
3/12/2023,2023,Winter,2023,Winter,-1657634.891,-172594.1523,,,,,,,,,,,,,,,,,,,,,,,
3/13/2023,2023,Winter,2023,Winter,-913751.3105,-149524.2646,,,,,,,,,,,,,,,,,,,,,,,
3/14/2023,2023,Winter,2023,Winter,-717240.877,-119000.0068,,,,,,,,,,,,,,,,,,,,,,,
3/15/2023,2023,Spring,2023,Winter,-921342.9668,-58751.35352,,,,,,,,,,,,,,,,,,,,,,,
3/16/2023,2023,Spring,2023,Winter,-1054921.004,-14280.875,,,,,,,,,,,,,,,,,,,,,,,
3/17/2023,2023,Spring,2023,Winter,-1029518.41,-2730.969727,,,,,,,,,,,,,,,,,,,,,,,
3/18/2023,2023,Spring,2023,Winter,-529688.1758,2126.168945,,,,,,,,,,,,,,,,,,,,,,,
3/19/2023,2023,Spring,2023,Winter,-416379.125,-8277.423828,,,,,,,,,,,,,,,,,,,,,,,
3/20/2023,2023,Spring,2023,Winter,-634320.2109,-6432.344238,,,,,,,,,,,,,,,,,,,,,,,
3/21/2023,2023,Spring,2023,Winter,-465160.0176,-6364.741699,,,,,,,,,,,,,,,,,,,,,,,
3/22/2023,2023,Spring,2023,Winter,-577647.5313,-2144.408203,,,,,,,,,,,,,,,,,,,,,,,
3/23/2023,2023,Spring,2023,Winter,-494882.6973,-771.8974609,,,,,,,,,,,,,,,,,,,,,,,
3/24/2023,2023,Spring,2023,Winter,1179013.52,43992.7959,,,,,,,,,,,,,,,,,,,,,,,
3/25/2023,2023,Spring,2023,Winter,10475616.37,1208974.329,,,,,,,,,,,,,,,,,,,,,,,
3/26/2023,2023,Spring,2023,Winter,6335215.578,697897.2451,,,,,,,,,,,,,,,,,,,,,,,
3/27/2023,2023,Spring,2023,Winter,-2665581.262,-407984.4551,,,,,,,,,,,,,,,,,,,,,,,
3/28/2023,2023,Spring,2023,Winter,-1225468.896,-214855.4624,,,,,,,,,,,,,,,,,,,,,,,
3/29/2023,2023,Spring,2023,Winter,-1560823.023,-218478.3706,,,,,,,,,,,,,,,,,,,,,,,
3/30/2023,2023,Spring,2023,Winter,-961250.9375,-222388.2422,,,,,,,,,,,,,,,,,,,,,,,
3/31/2023,2023,Spring,2023,Winter,-1427629.803,-177510.1997,,,,,,,,,,,,,,,,,,,,,,,
4/1/2023,2023,Spring,2023,Spring,-1124931.797,-117901.1099,,,,,,,,,,,,,,,,,,,,,,,
4/2/2023,2023,Spring,2023,Spring,179446.6875,-63726.10449,,,,,,,,,,,,,,,,,,,,,,,
4/3/2023,2023,Spring,2023,Spring,-882216.543,-77938.79297,,,,,,,,,,,,,,,,,,,,,,,
4/4/2023,2023,Spring,2023,Spring,-424967.3887,-92686.71582,,,,,,,,,,,,,,,,,,,,,,,
4/5/2023,2023,Spring,2023,Spring,-954697.9473,-76231.68164,,,,,,,,,,,,,,,,,,,,,,,
4/6/2023,2023,Spring,2023,Spring,676170.5918,2769.766602,,,,,,,,,,,,,,,,,,,,,,,
4/7/2023,2023,Spring,2023,Spring,107894.7695,45169.73145,,,,,,,,,,,,,,,,,,,,,,,
4/8/2023,2023,Spring,2023,Spring,-305777.5938,-21466.15625,,,,,,,,,,,,,,,,,,,,,,,
4/9/2023,2023,Spring,2023,Spring,-232541.3984,-58462.2959,,,,,,,,,,,,,,,,,,,,,,,
4/10/2023,2023,Spring,2023,Spring,-629985.0488,-70254.22559,,,,,,,,,,,,,,,,,,,,,,,
4/11/2023,2023,Spring,2023,Spring,-531511.8008,-64178.40918,,,,,,,,,,,,,,,,,,,,,,,
4/12/2023,2023,Spring,2023,Spring,-572378.2832,-43879.91797,,,,,,,,,,,,,,,,,,,,,,,
4/13/2023,2023,Spring,2023,Spring,-441134.7598,-3827.324707,,,,,,,,,,,,,,,,,,,,,,,
4/14/2023,2023,Spring,2023,Spring,-638334.8145,7509.993652,,,,,,,,,,,,,,,,,,,,,,,
4/15/2023,2023,Spring,2023,Spring,-464599.9336,9626.176758,,,,,,,,,,,,,,,,,,,,,,,
4/16/2023,2023,Spring,2023,Spring,-802750.6914,6511.230957,,,,,,,,,,,,,,,,,,,,,,,
4/17/2023,2023,Spring,2023,Spring,-473184.0449,4985.312012,,,,,,,,,,,,,,,,,,,,,,,
4/18/2023,2023,Spring,2023,Spring,-196197.8965,-4316.504883,,,,,,,,,,,,,,,,,,,,,,,
4/19/2023,2023,Spring,2023,Spring,-401508.4063,-3006.091309,,,,,,,,,,,,,,,,,,,,,,,
4/20/2023,2023,Spring,2023,Spring,-420493.1875,-6206.230469,,,,,,,,,,,,,,,,,,,,,,,
4/21/2023,2023,Spring,2023,Spring,-339532.4375,-4487.366699,,,,,,,,,,,,,,,,,,,,,,,
4/22/2023,2023,Spring,2023,Spring,-417961.8281,712.0244141,,,,,,,,,,,,,,,,,,,,,,,
4/23/2023,2023,Spring,2023,Spring,-162227.4355,-1382.011719,,,,,,,,,,,,,,,,,,,,,,,
4/24/2023,2023,Spring,2023,Spring,-292169.9297,-3535.233398,,,,,,,,,,,,,,,,,,,,,,,
4/25/2023,2023,Spring,2023,Spring,-389120.3965,442.5058594,,,,,,,,,,,,,,,,,,,,,,,
4/26/2023,2023,Spring,2023,Spring,-206691.7539,-6005.84668,,,,,,,,,,,,,,,,,,,,,,,
4/27/2023,2023,Spring,2023,Spring,-350657.2695,-5890.151855,,,,,,,,,,,,,,,,,,,,,,,
4/28/2023,2023,Spring,2023,Spring,-257746.2656,9693.855957,,,,,,,,,,,,,,,,,,,,,,,
4/29/2023,2023,Spring,2023,Spring,404598.5234,8014.55957,,,,,,,,,,,,,,,,,,,,,,,
4/30/2023,2023,Spring,2023,Spring,232519.2305,9484.080078,,,,,,,,,,,,,,,,,,,,,,,
5/1/2023,2023,Spring,2023,Spring,547133.6328,7746.416992,,,,,,,,,,,,,,,,,,,,,,,
5/2/2023,2023,Spring,2023,Spring,743359.5234,-1583.852051,,,,,,,,,,,,,,,,,,,,,,,
5/3/2023,2023,Spring,2023,Spring,715010.5078,1858.954102,,,,,,,,,,,,,,,,,,,,,,,
5/4/2023,2023,Spring,2023,Spring,372812.543,-2655.78418,,,,,,,,,,,,,,,,,,,,,,,
5/5/2023,2023,Spring,2023,Spring,86405.54688,-5295.660645,,,,,,,,,,,,,,,,,,,,,,,
5/6/2023,2023,Spring,2023,Spring,-115679.7891,-7435.964844,,,,,,,,,,,,,,,,,,,,,,,
5/7/2023,2023,Spring,2023,Spring,-445498.6973,-2017.288086,,,,,,,,,,,,,,,,,,,,,,,
5/8/2023,2023,Spring,2023,Spring,-95844.50586,-244.434082,,,,,,,,,,,,,,,,,,,,,,,
5/9/2023,2023,Spring,2023,Spring,-148935.4941,-854.7382813,,,,,,,,,,,,,,,,,,,,,,,
5/10/2023,2023,Spring,2023,Spring,-390088.8281,-416.1313477,,,,,,,,,,,,,,,,,,,,,,,
5/11/2023,2023,Spring,2023,Spring,-393142.4258,-9881.931641,,,,,,,,,,,,,,,,,,,,,,,
5/12/2023,2023,Spring,2023,Spring,-336251.3809,20121.05957,,,,,,,,,,,,,,,,,,,,,,,
5/13/2023,2023,Spring,2023,Spring,-127808.4355,21367.31787,,,,,,,,,,,,,,,,,,,,,,,
5/14/2023,2023,Spring,2023,Spring,528437.5645,13100.99414,,,,,,,,,,,,,,,,,,,,,,,
5/15/2023,2023,Spring,2023,Spring,534310.0449,-1855.85498,,,,,,,,,,,,,,,,,,,,,,,
5/16/2023,2023,Spring,2023,Spring,-195474.748,-11379.6123,,,,,,,,,,,,,,,,,,,,,,,
5/17/2023,2023,Spring,2023,Spring,62009.90039,-7577.851563,,,,,,,,,,,,,,,,,,,,,,,
5/18/2023,2023,Spring,2023,Spring,-490161.1016,7321.391602,,,,,,,,,,,,,,,,,,,,,,,
5/19/2023,2023,Spring,2023,Spring,-542566.8613,2801.989258,,,,,,,,,,,,,,,,,,,,,,,
5/20/2023,2023,Spring,2023,Spring,-156382.0566,4647.944336,,,,,,,,,,,,,,,,,,,,,,,
5/21/2023,2023,Spring,2023,Spring,82858.58398,8872.104492,,,,,,,,,,,,,,,,,,,,,,,
5/22/2023,2023,Spring,2023,Spring,225494.0703,-7131.998047,,,,,,,,,,,,,,,,,,,,,,,
5/23/2023,2023,Spring,2023,Spring,-10661.96875,-8144.677734,,,,,,,,,,,,,,,,,,,,,,,
5/24/2023,2023,Spring,2023,Spring,-352537.1543,-19004.85449,,,,,,,,,,,,,,,,,,,,,,,
5/25/2023,2023,Spring,2023,Spring,-302412.1953,2076.898926,,,,,,,,,,,,,,,,,,,,,,,
5/26/2023,2023,Spring,2023,Spring,-449292.6641,3612.564941,,,,,,,,,,,,,,,,,,,,,,,
5/27/2023,2023,Spring,2023,Spring,-414625.1875,-4830.855469,,,,,,,,,,,,,,,,,,,,,,,
5/28/2023,2023,Spring,2023,Spring,-454762.2773,-3415.305176,,,,,,,,,,,,,,,,,,,,,,,
5/29/2023,2023,Spring,2023,Spring,-335683.957,-7336.991211,,,,,,,,,,,,,,,,,,,,,,,
5/30/2023,2023,Spring,2023,Spring,-190222.6543,-11521.61182,,,,,,,,,,,,,,,,,,,,,,,
5/31/2023,2023,Spring,2023,Spring,-192203.2578,-11346.74023,,,,,,,,,,,,,,,,,,,,,,,
6/1/2023,2023,Spring,2023,Spring,-218263.5723,-27036.58887,,,,,,,,,,,,,,,,,,,,,,,
6/2/2023,2023,Spring,2023,Spring,-250659.1211,-18995.95117,,,,,,,,,,,,,,,,,,,,,,,
6/3/2023,2023,Spring,2023,Spring,-181045.748,-13505.88086,,,,,,,,,,,,,,,,,,,,,,,
6/4/2023,2023,Spring,2023,Spring,-135426.0781,-10480.02588,,,,,,,,,,,,,,,,,,,,,,,
6/5/2023,2023,Spring,2023,Spring,-124991.5176,-10173.27295,,,,,,,,,,,,,,,,,,,,,,,
6/6/2023,2023,Spring,2023,Spring,-159479.5723,-12092.43994,,,,,,,,,,,,,,,,,,,,,,,
6/7/2023,2023,Spring,2023,Spring,-41948.74609,-8914.84375,,,,,,,,,,,,,,,,,,,,,,,
6/8/2023,2023,Spring,2023,Spring,-29907.73047,-14662.76709,,,,,,,,,,,,,,,,,,,,,,,
6/9/2023,2023,Spring,2023,Spring,-85493.41211,-17547.84424,,,,,,,,,,,,,,,,,,,,,,,
6/10/2023,2023,Spring,2023,Spring,-111147.832,-9348.022949,,,,,,,,,,,,,,,,,,,,,,,
6/11/2023,2023,Spring,2023,Spring,61832.61133,16509.10742,,,,,,,,,,,,,,,,,,,,,,,
6/12/2023,2023,Spring,2023,Spring,776422.5176,68823.41602,,,,,,,,,,,,,,,,,,,,,,,
6/13/2023,2023,Spring,2023,Spring,347842.0234,28327.33691,,,,,,,,,,,,,,,,,,,,,,,
6/14/2023,2023,Spring,2023,Spring,1079515.748,18274.41992,,,,,,,,,,,,,,,,,,,,,,,
6/15/2023,2023,Summer,2023,Spring,1219700.193,43926.06934,,,,,,,,,,,,,,,,,,,,,,,
6/16/2023,2023,Summer,2023,Spring,795944.9434,9825.571289,,,,,,,,,,,,,,,,,,,,,,,
6/17/2023,2023,Summer,2023,Spring,194340.0195,16517.04639,,,,,,,,,,,,,,,,,,,,,,,
6/18/2023,2023,Summer,2023,Spring,-276354.748,25349.33447,,,,,,,,,,,,,,,,,,,,,,,
6/19/2023,2023,Summer,2023,Spring,-433467.3867,21609.29736,,,,,,,,,,,,,,,,,,,,,,,
6/20/2023,2023,Summer,2023,Spring,-430480.7559,3423.197754,,,,,,,,,,,,,,,,,,,,,,,
6/21/2023,2023,Summer,2023,Spring,-452483.1055,-10081.43652,,,,,,,,,,,,,,,,,,,,,,,
6/22/2023,2023,Summer,2023,Spring,-488885.0371,-5666.975586,,,,,,,,,,,,,,,,,,,,,,,
6/23/2023,2023,Summer,2023,Spring,-464594.75,-5080.642578,,,,,,,,,,,,,,,,,,,,,,,
6/24/2023,2023,Summer,2023,Spring,-304182.1895,-9135.149902,,,,,,,,,,,,,,,,,,,,,,,
6/25/2023,2023,Summer,2023,Spring,-281445.4453,-10367.12988,,,,,,,,,,,,,,,,,,,,,,,
6/26/2023,2023,Summer,2023,Spring,-264916.6699,-11400.646,,,,,,,,,,,,,,,,,,,,,,,
6/27/2023,2023,Summer,2023,Spring,-119644.8223,-15357.17041,,,,,,,,,,,,,,,,,,,,,,,
6/28/2023,2023,Summer,2023,Spring,-83152.58008,-18673.00049,,,,,,,,,,,,,,,,,,,,,,,
6/29/2023,2023,Summer,2023,Spring,-174780.6895,-17493.60254,,,,,,,,,,,,,,,,,,,,,,,
6/30/2023,2023,Summer,2023,Spring,-111713.0137,-19448.30615,,,,,,,,,,,,,,,,,,,,,,,
7/1/2023,2023,Summer,2023,Summer,-106386.625,-10281.68701,,,,,,,,,,,,,,,,,,,,,,,
7/2/2023,2023,Summer,2023,Summer,53228.54492,17703.3208,,,,,,,,,,,,,,,,,,,,,,,
7/3/2023,2023,Summer,2023,Summer,44039.94141,21213.69824,,,,,,,,,,,,,,,,,,,,,,,
7/4/2023,2023,Summer,2023,Summer,276432.7949,23301.12305,,,,,,,,,,,,,,,,,,,,,,,
7/5/2023,2023,Summer,2023,Summer,130234.6113,632.9277344,,,,,,,,,,,,,,,,,,,,,,,
7/6/2023,2023,Summer,2023,Summer,-81224.95117,-10334.08154,,,,,,,,,,,,,,,,,,,,,,,
7/7/2023,2023,Summer,2023,Summer,-3245.869141,-19628.4248,,,,,,,,,,,,,,,,,,,,,,,
7/8/2023,2023,Summer,2023,Summer,-120270.4082,-9611.270996,,,,,,,,,,,,,,,,,,,,,,,
7/9/2023,2023,Summer,2023,Summer,51905.64258,7907.118652,,,,,,,,,,,,,,,,,,,,,,,
7/10/2023,2023,Summer,2023,Summer,49082.29102,7508.822266,,,,,,,,,,,,,,,,,,,,,,,
7/11/2023,2023,Summer,2023,Summer,-66022.98047,-13650.10596,,,,,,,,,,,,,,,,,,,,,,,
7/12/2023,2023,Summer,2023,Summer,-95211.92578,-27005.73193,,,,,,,,,,,,,,,,,,,,,,,
7/13/2023,2023,Summer,2023,Summer,-269512.9609,-27110.84766,,,,,,,,,,,,,,,,,,,,,,,
7/14/2023,2023,Summer,2023,Summer,-95814.10547,-22165.22803,,,,,,,,,,,,,,,,,,,,,,,
7/15/2023,2023,Summer,2023,Summer,-222245.002,-24495.77539,,,,,,,,,,,,,,,,,,,,,,,
7/16/2023,2023,Summer,2023,Summer,-12824.75977,-17095.87061,,,,,,,,,,,,,,,,,,,,,,,
7/17/2023,2023,Summer,2023,Summer,-89385.39063,-15305.39648,,,,,,,,,,,,,,,,,,,,,,,
7/18/2023,2023,Summer,2023,Summer,-24368.76172,-14703.0625,,,,,,,,,,,,,,,,,,,,,,,
7/19/2023,2023,Summer,2023,Summer,3623.958984,-14422.50879,,,,,,,,,,,,,,,,,,,,,,,
7/20/2023,2023,Summer,2023,Summer,-147139.0625,-10915.2002,,,,,,,,,,,,,,,,,,,,,,,
7/21/2023,2023,Summer,2023,Summer,222597.2988,33242.48828,,,,,,,,,,,,,,,,,,,,,,,
7/22/2023,2023,Summer,2023,Summer,-50000.17578,29811.35547,,,,,,,,,,,,,,,,,,,,,,,
7/23/2023,2023,Summer,2023,Summer,-29229.90039,-5460.484375,,,,,,,,,,,,,,,,,,,,,,,
7/24/2023,2023,Summer,2023,Summer,-57467.61133,-29186.33105,,,,,,,,,,,,,,,,,,,,,,,
7/25/2023,2023,Summer,2023,Summer,-72891.99219,-31427.79199,,,,,,,,,,,,,,,,,,,,,,,
7/26/2023,2023,Summer,2023,Summer,-156132.0625,-22127.71777,,,,,,,,,,,,,,,,,,,,,,,
7/27/2023,2023,Summer,2023,Summer,33949.62891,-17042.01367,,,,,,,,,,,,,,,,,,,,,,,
7/28/2023,2023,Summer,2023,Summer,-89390.0625,-17142.20313,,,,,,,,,,,,,,,,,,,,,,,
7/29/2023,2023,Summer,2023,Summer,127133.0313,-9240.092773,,,,,,,,,,,,,,,,,,,,,,,
7/30/2023,2023,Summer,2023,Summer,201761.4258,525455.0682,,,,,,,,,,,,,,,,,,,,,,,
7/31/2023,2023,Summer,2023,Summer,-60907.35742,6888.189368,,,,,,,,,,,,,,,,,,,,,,,
8/1/2023,2023,Summer,2023,Summer,-80055.91797,9137.005392,,,,,,,,,,,,,,,,,,,,,,,
8/2/2023,2023,Summer,2023,Summer,-90917.21875,10492.02907,,,,,,,,,,,,,,,,,,,,,,,
8/3/2023,2023,Summer,2023,Summer,-75029.00586,8751.537835,,,,,,,,,,,,,,,,,,,,,,,
8/4/2023,2023,Summer,2023,Summer,-65589.42383,7719.833506,,,,,,,,,,,,,,,,,,,,,,,
8/5/2023,2023,Summer,2023,Summer,-82632.66406,9818.451024,,,,,,,,,,,,,,,,,,,,,,,
8/6/2023,2023,Summer,2023,Summer,-106492.0313,12806.79112,,,,,,,,,,,,,,,,,,,,,,,
8/7/2023,2023,Summer,2023,Summer,111794.7461,-13439.97537,,,,,,,,,,,,,,,,,,,,,,,
8/8/2023,2023,Summer,2023,Summer,-6954.582031,830.5171001,,,,,,,,,,,,,,,,,,,,,,,
8/9/2023,2023,Summer,2023,Summer,71254.48633,-8474.421848,,,,,,,,,,,,,,,,,,,,,,,
8/10/2023,2023,Summer,2023,Summer,514310.0723,-58915.29356,,,,,,,,,,,,,,,,,,,,,,,
8/11/2023,2023,Summer,2023,Summer,-30303.70703,3363.27993,,,,,,,,,,,,,,,,,,,,,,,
8/12/2023,2023,Summer,2023,Summer,-37101.48633,4135.940123,,,,,,,,,,,,,,,,,,,,,,,
8/13/2023,2023,Summer,2023,Summer,-69894.30078,7846.205419,,,,,,,,,,,,,,,,,,,,,,,
8/14/2023,2023,Summer,2023,Summer,-80600.51758,9137.147447,,,,,,,,,,,,,,,,,,,,,,,
8/15/2023,2023,Summer,2023,Summer,-134771.9023,-643106.8311,,,,,,,,,,,,,,,,,,,,,,,
8/16/2023,2023,Summer,2023,Summer,-282483.1543,-10876.79297,,,,,,,,,,,,,,,,,,,,,,,
8/17/2023,2023,Summer,2023,Summer,-46347.22852,-14444.05371,,,,,,,,,,,,,,,,,,,,,,,
8/18/2023,2023,Summer,2023,Summer,-20223.0332,-20059.49609,,,,,,,,,,,,,,,,,,,,,,,
8/19/2023,2023,Summer,2023,Summer,-69080.21289,-21525.66016,,,,,,,,,,,,,,,,,,,,,,,
8/20/2023,2023,Summer,2023,Summer,-41999.54297,-30119.58887,,,,,,,,,,,,,,,,,,,,,,,
8/21/2023,2023,Summer,2023,Summer,-55369.83398,-28496.50098,,,,,,,,,,,,,,,,,,,,,,,
8/22/2023,2023,Summer,2023,Summer,-86320.79297,-37883.76855,,,,,,,,,,,,,,,,,,,,,,,
8/23/2023,2023,Summer,2023,Summer,-93830.40234,-44886.18848,,,,,,,,,,,,,,,,,,,,,,,
8/24/2023,2023,Summer,2023,Summer,88628.06836,-24865.33887,,,,,,,,,,,,,,,,,,,,,,,
8/25/2023,2023,Summer,2023,Summer,130381.8691,15084.25977,,,,,,,,,,,,,,,,,,,,,,,
8/26/2023,2023,Summer,2023,Summer,147034.8164,33678.80566,,,,,,,,,,,,,,,,,,,,,,,
8/27/2023,2023,Summer,2023,Summer,-8427.777344,25567.76172,,,,,,,,,,,,,,,,,,,,,,,
8/28/2023,2023,Summer,2023,Summer,-64290.10742,7966,,,,,,,,,,,,,,,,,,,,,,,
8/29/2023,2023,Summer,2023,Summer,-95787.31641,-14756.98535,,,,,,,,,,,,,,,,,,,,,,,
8/30/2023,2023,Summer,2023,Summer,-93484.38086,-28178.55713,,,,,,,,,,,,,,,,,,,,,,,
8/31/2023,2023,Summer,2023,Summer,-93205.14844,-32272.67334,,,,,,,,,,,,,,,,,,,,,,,
9/1/2023,2023,Summer,2023,Summer,-93783.41992,-33143.24854,,,,,,,,,,,,,,,,,,,,,,,
9/2/2023,2023,Summer,2023,Summer,-76983.24023,-40105.04932,,,,,,,,,,,,,,,,,,,,,,,
9/3/2023,2023,Summer,2023,Summer,-62474.04102,-37400.26221,,,,,,,,,,,,,,,,,,,,,,,
9/4/2023,2023,Summer,2023,Summer,-65188.13281,-39045.52344,,,,,,,,,,,,,,,,,,,,,,,
9/5/2023,2023,Summer,2023,Summer,-46348.28516,-37424.36084,,,,,,,,,,,,,,,,,,,,,,,
9/6/2023,2023,Summer,2023,Summer,-57253.77344,-32716.62939,,,,,,,,,,,,,,,,,,,,,,,
9/7/2023,2023,Summer,2023,Summer,-50294.27344,-28327.51025,,,,,,,,,,,,,,,,,,,,,,,
9/8/2023,2023,Summer,2023,Summer,-40931.57227,-21155.44922,,,,,,,,,,,,,,,,,,,,,,,
9/9/2023,2023,Summer,2023,Summer,-44652.85156,-14502.61523,,,,,,,,,,,,,,,,,,,,,,,
9/10/2023,2023,Summer,2023,Summer,-44685.58594,22979.10547,,,,,,,,,,,,,,,,,,,,,,,
9/11/2023,2023,Summer,2023,Summer,-37253.33789,1370.704102,,,,,,,,,,,,,,,,,,,,,,,
9/12/2023,2023,Summer,2023,Summer,-23305.07617,161.5800781,,,,,,,,,,,,,,,,,,,,,,,
9/13/2023,2023,Summer,2023,Summer,-33232.9043,161.6474609,,,,,,,,,,,,,,,,,,,,,,,
9/14/2023,2023,Summer,2023,Summer,-32684.40234,-161.6474609,,,,,,,,,,,,,,,,,,,,,,,
9/15/2023,2023,Fall,2023,Summer,-38877.71094,566.0615234,,,,,,,,,,,,,,,,,,,,,,,
9/16/2023,2023,Fall,2023,Summer,-23053,80.93359375,,,,,,,,,,,,,,,,,,,,,,,
9/17/2023,2023,Fall,2023,Summer,-17053.79883,323.9042969,,,,,,,,,,,,,,,,,,,,,,,
9/18/2023,2023,Fall,2023,Summer,-23163.9082,-890.0834961,,,,,,,,,,,,,,,,,,,,,,,
9/19/2023,2023,Fall,2023,Summer,-27701.35547,728.0981445,,,,,,,,,,,,,,,,,,,,,,,
9/20/2023,2023,Fall,2023,Summer,-13716.27344,324.0385742,,,,,,,,,,,,,,,,,,,,,,,
9/21/2023,2023,Fall,2023,Summer,-27670.13672,0,,,,,,,,,,,,,,,,,,,,,,,
9/22/2023,2023,Fall,2023,Summer,-24746.92188,-324.0385742,,,,,,,,,,,,,,,,,,,,,,,
9/23/2023,2023,Fall,2023,Summer,-28972.88672,-728.0981445,,,,,,,,,,,,,,,,,,,,,,,
9/24/2023,2023,Fall,2023,Summer,-17030.23242,242.5478516,,,,,,,,,,,,,,,,,,,,,,,
9/25/2023,2023,Fall,2023,Summer,-17452.15625,-727.1870117,,,,,,,,,,,,,,,,,,,,,,,
9/26/2023,2023,Fall,2023,Summer,-3528.066406,969.8847656,,,,,,,,,,,,,,,,,,,,,,,
9/27/2023,2023,Fall,2023,Summer,-22599.31836,-889.1538086,,,,,,,,,,,,,,,,,,,,,,,
9/28/2023,2023,Fall,2023,Summer,66424.68945,-1289.66748,,,,,,,,,,,,,,,,,,,,,,,
9/29/2023,2023,Fall,2023,Summer,54699.03711,-83798.69238,,,,,,,,,,,,,,,,,,,,,,,
9/30/2023,2023,Fall,2023,Summer,-41519.46094,0,,,,,,,,,,,,,,,,,,,,,,,
10/1/2023,2023,Fall,2024,Fall,-31669.47852,308.7495117,,,,,,,,,,,,,,,,,,,,,,,
10/2/2023,2023,Fall,2024,Fall,-20249.91992,370.9916992,,,,,,,,,,,,,,,,,,,,,,,
10/3/2023,2023,Fall,2024,Fall,-22498.82813,-123.7231445,,,,,,,,,,,,,,,,,,,,,,,
10/4/2023,2023,Fall,2024,Fall,-11910.10547,-556.0180664,,,,,,,,,,,,,,,,,,,,,,,
10/5/2023,2023,Fall,2024,Fall,-22741.17578,0,,,,,,,,,,,,,,,,,,,,,,,
10/6/2023,2023,Fall,2024,Fall,29955.17578,0,,,,,,,,,,,,,,,,,,,,,,,
10/7/2023,2023,Fall,2024,Fall,-72262.71875,61.71972656,,,,,,,,,,,,,,,,,,,,,,,
10/8/2023,2023,Fall,2024,Fall,-33025.28516,0,,,,,,,,,,,,,,,,,,,,,,,
10/9/2023,2023,Fall,2024,Fall,3817.433594,-61.71972656,,,,,,,,,,,,,,,,,,,,,,,
10/10/2023,2023,Fall,2024,Fall,-954.7148438,865.4384766,,,,,,,,,,,,,,,,,,,,,,,
10/11/2023,2023,Fall,2024,Fall,-1230.728516,309.7919922,,,,,,,,,,,,,,,,,,,,,,,
10/12/2023,2023,Fall,2024,Fall,14517.55469,-495.4892578,,,,,,,,,,,,,,,,,,,,,,,
10/13/2023,2023,Fall,2024,Fall,-42141.96875,-123.7231445,,,,,,,,,,,,,,,,,,,,,,,
10/14/2023,2023,Fall,2024,Fall,37884.17969,-556.0180664,,,,,,,,,,,,,,,,,,,,,,,
10/15/2023,2023,Fall,2024,Fall,-39305.00781,0,,,,,,,,,,,,,,,,,,,,,,,
10/16/2023,2023,Fall,2024,Fall,9782.068359,0,,,,,,,,,,,,,,,,,,,,,,,
10/17/2023,2023,Fall,2024,Fall,14544.85938,0,,,,,,,,,,,,,,,,,,,,,,,
10/18/2023,2023,Fall,2024,Fall,10724.99609,617.8710938,,,,,,,,,,,,,,,,,,,,,,,
10/19/2023,2023,Fall,2024,Fall,3145.318359,-617.8710938,,,,,,,,,,,,,,,,,,,,,,,
10/20/2023,2023,Fall,2024,Fall,107703.2539,0,,,,,,,,,,,,,,,,,,,,,,,
10/21/2023,2023,Fall,2024,Fall,-15725.62695,61.71972656,,,,,,,,,,,,,,,,,,,,,,,
10/22/2023,2023,Fall,2024,Fall,18365.52734,494.2983398,,,,,,,,,,,,,,,,,,,,,,,
10/23/2023,2023,Fall,2024,Fall,-44309.60938,805.2670898,,,,,,,,,,,,,,,,,,,,,,,
10/24/2023,2023,Fall,2024,Fall,-1919.775391,-371.9746094,,,,,,,,,,,,,,,,,,,,,,,
10/25/2023,2023,Fall,2024,Fall,-23269.77539,-804.105957,,,,,,,,,,,,,,,,,,,,,,,
10/26/2023,2023,Fall,2024,Fall,-17184.61719,432.6665039,,,,,,,,,,,,,,,,,,,,,,,
10/27/2023,2023,Fall,2024,Fall,-5568.052734,-370.9013672,,,,,,,,,,,,,,,,,,,,,,,
10/28/2023,2023,Fall,2024,Fall,-31961.63867,-246.9697266,,,,,,,,,,,,,,,,,,,,,,,
10/29/2023,2023,Fall,2024,Fall,26452.09375,0,,,,,,,,,,,,,,,,,,,,,,,
10/30/2023,2023,Fall,2024,Fall,75995.49414,246.9697266,,,,,,,,,,,,,,,,,,,,,,,
10/31/2023,2023,Fall,2024,Fall,-14136.92773,1859.875488,,,,,,,,,,,,,,,,,,,,,,,
11/1/2023,2023,Fall,2024,Fall,38026.3418,186.7260742,,,,,,,,,,,,,,,,,,,,,,,
11/2/2023,2023,Fall,2024,Fall,-16337.72461,-186.7260742,,,,,,,,,,,,,,,,,,,,,,,
11/3/2023,2023,Fall,2024,Fall,-24509.96289,311.284668,,,,,,,,,,,,,,,,,,,,,,,
11/4/2023,2023,Fall,2024,Fall,-10191.3457,-560.0439453,,,,,,,,,,,,,,,,,,,,,,,
11/5/2023,2023,Fall,2024,Fall,-45637.13867,-313.0966797,,,,,,,,,,,,,,,,,,,,,,,
11/6/2023,2023,Fall,2024,Fall,-25972.00586,64.57714844,,,,,,,,,,,,,,,,,,,,,,,
11/7/2023,2023,Fall,2024,Fall,-21904.91211,-1486.11084,,,,,,,,,,,,,,,,,,,,,,,
11/8/2023,2023,Fall,2024,Fall,-4141.482422,741.9829102,,,,,,,,,,,,,,,,,,,,,,,
11/9/2023,2023,Fall,2024,Fall,-13788.85547,-741.9829102,,,,,,,,,,,,,,,,,,,,,,,
11/10/2023,2023,Fall,2024,Fall,-28462.67969,927.8134766,,,,,,,,,,,,,,,,,,,,,,,
11/11/2023,2023,Fall,2024,Fall,-31670.87109,1304.57373,,,,,,,,,,,,,,,,,,,,,,,
11/12/2023,2023,Fall,2024,Fall,1711.625,-248.9975586,,,,,,,,,,,,,,,,,,,,,,,
11/13/2023,2023,Fall,2024,Fall,2471.029297,747.7104492,,,,,,,,,,,,,,,,,,,,,,,
11/14/2023,2023,Fall,2024,Fall,-12119.03906,1376.397461,,,,,,,,,,,,,,,,,,,,,,,
11/15/2023,2023,Fall,2024,Fall,2415.728516,-438.7299805,,,,,,,,,,,,,,,,,,,,,,,
11/16/2023,2023,Fall,2024,Fall,9287.279297,-1498.651855,,,,,,,,,,,,,,,,,,,,,,,
11/17/2023,2023,Fall,2024,Fall,91760.96875,-1613.830078,,,,,,,,,,,,,,,,,,,,,,,
11/18/2023,2023,Fall,2024,Fall,55873.74609,1769.537598,,,,,,,,,,,,,,,,,,,,,,,
11/19/2023,2023,Fall,2024,Fall,16189.1875,498.8911133,,,,,,,,,,,,,,,,,,,,,,,
11/20/2023,2023,Fall,2024,Fall,17795.58203,-280.7441406,,,,,,,,,,,,,,,,,,,,,,,
11/21/2023,2023,Fall,2024,Fall,34615.46094,-1801.987305,,,,,,,,,,,,,,,,,,,,,,,
11/22/2023,2023,Fall,2024,Fall,-9799.076172,-61.9140625,,,,,,,,,,,,,,,,,,,,,,,
11/23/2023,2023,Fall,2024,Fall,-9749.355469,1739.223633,,,,,,,,,,,,,,,,,,,,,,,
11/24/2023,2023,Fall,2024,Fall,-28568.29883,561.5234375,,,,,,,,,,,,,,,,,,,,,,,
11/25/2023,2023,Fall,2024,Fall,-16894.50781,1095.319824,,,,,,,,,,,,,,,,,,,,,,,
11/26/2023,2023,Fall,2024,Fall,-8928.193359,-939.1274414,,,,,,,,,,,,,,,,,,,,,,,
11/27/2023,2023,Fall,2024,Fall,-14050.30664,0,,,,,,,,,,,,,,,,,,,,,,,
11/28/2023,2023,Fall,2024,Fall,-35230.18164,3776.766113,,,,,,,,,,,,,,,,,,,,,,,
11/29/2023,2023,Fall,2024,Fall,-32272.97266,-1138.708496,,,,,,,,,,,,,,,,,,,,,,,
11/30/2023,2023,Fall,2024,Fall,3493.3125,1374.048828,,,,,,,,,,,,,,,,,,,,,,,
12/1/2023,2023,Fall,2024,Fall,21228.44336,-7124.416016,,,,,,,,,,,,,,,,,,,,,,,
12/2/2023,2023,Fall,2024,Fall,13408.58398,0,,,,,,,,,,,,,,,,,,,,,,,
12/3/2023,2023,Fall,2024,Fall,-12915.85156,0,,,,,,,,,,,,,,,,,,,,,,,
12/4/2023,2023,Fall,2024,Fall,-35070.23633,0,,,,,,,,,,,,,,,,,,,,,,,
12/5/2023,2023,Fall,2024,Fall,5374.294922,0,,,,,,,,,,,,,,,,,,,,,,,
12/6/2023,2023,Fall,2024,Fall,-1710.837891,0,,,,,,,,,,,,,,,,,,,,,,,
12/7/2023,2023,Fall,2024,Fall,5868.953125,0,,,,,,,,,,,,,,,,,,,,,,,
12/8/2023,2023,Fall,2024,Fall,3672.734375,0,,,,,,,,,,,,,,,,,,,,,,,
12/9/2023,2023,Fall,2024,Fall,43112.94336,0,,,,,,,,,,,,,,,,,,,,,,,
12/10/2023,2023,Fall,2024,Fall,56568.41406,0,,,,,,,,,,,,,,,,,,,,,,,
12/11/2023,2023,Fall,2024,Fall,42883.08594,0,,,,,,,,,,,,,,,,,,,,,,,
12/12/2023,2023,Fall,2024,Fall,49174.42578,0,,,,,,,,,,,,,,,,,,,,,,,
12/13/2023,2023,Fall,2024,Fall,9528.705078,0,,,,,,,,,,,,,,,,,,,,,,,
12/14/2023,2023,Fall,2024,Fall,-19633.9375,0,,,,,,,,,,,,,,,,,,,,,,,
12/15/2023,2023,Winter,2024,Fall,-16644.32422,0,,,,,,,,,,,,,,,,,,,,,,,
12/16/2023,2023,Winter,2024,Fall,-30548.33984,0,,,,,,,,,,,,,,,,,,,,,,,
12/17/2023,2023,Winter,2024,Fall,25270.63867,0,,,,,,,,,,,,,,,,,,,,,,,
12/18/2023,2023,Winter,2024,Fall,4766.654297,0,,,,,,,,,,,,,,,,,,,,,,,
12/19/2023,2023,Winter,2024,Fall,-15048.58594,0,,,,,,,,,,,,,,,,,,,,,,,
12/20/2023,2023,Winter,2024,Fall,-17523.90234,0,,,,,,,,,,,,,,,,,,,,,,,
12/21/2023,2023,Winter,2024,Fall,5410.367188,0,,,,,,,,,,,,,,,,,,,,,,,
12/22/2023,2023,Winter,2024,Fall,-4649.980469,0,,,,,,,,,,,,,,,,,,,,,,,
12/23/2023,2023,Winter,2024,Fall,32749.07227,0,,,,,,,,,,,,,,,,,,,,,,,
12/24/2023,2023,Winter,2024,Fall,-7829.775391,0,,,,,,,,,,,,,,,,,,,,,,,
12/25/2023,2023,Winter,2024,Fall,-18153.89648,0,,,,,,,,,,,,,,,,,,,,,,,
12/26/2023,2023,Winter,2024,Fall,24365.4043,0,,,,,,,,,,,,,,,,,,,,,,,
12/27/2023,2023,Winter,2024,Fall,-4850.902344,0,,,,,,,,,,,,,,,,,,,,,,,
12/28/2023,2023,Winter,2024,Fall,6980.333984,0,,,,,,,,,,,,,,,,,,,,,,,
12/29/2023,2023,Winter,2024,Fall,-766.7265625,0,,,,,,,,,,,,,,,,,,,,,,,
12/30/2023,2023,Winter,2024,Fall,4858.388672,0,,,,,,,,,,,,,,,,,,,,,,,
12/31/2023,2023,Winter,2024,Fall,-7668.466797,0,,,,,,,,,,,,,,,,,,,,,,,
1/1/2024,2024,Winter,2024,Winter,-22579.46094,0,,,,,,,,,,,,,,,,,,,,,,,
1/2/2024,2024,Winter,2024,Winter,-52804.92773,0,,,,,,,,,,,,,,,,,,,,,,,
1/3/2024,2024,Winter,2024,Winter,9282.078125,0,,,,,,,,,,,,,,,,,,,,,,,
1/4/2024,2024,Winter,2024,Winter,8381.058594,0,,,,,,,,,,,,,,,,,,,,,,,
1/5/2024,2024,Winter,2024,Winter,-41228.91992,0,,,,,,,,,,,,,,,,,,,,,,,
1/6/2024,2024,Winter,2024,Winter,2491.384766,0,,,,,,,,,,,,,,,,,,,,,,,
1/7/2024,2024,Winter,2024,Winter,47304.61914,0,,,,,,,,,,,,,,,,,,,,,,,
1/8/2024,2024,Winter,2024,Winter,-51373.05664,0,,,,,,,,,,,,,,,,,,,,,,,
1/9/2024,2024,Winter,2024,Winter,105382.2285,0,,,,,,,,,,,,,,,,,,,,,,,
1/10/2024,2024,Winter,2024,Winter,406877.8457,57903.7666,,,,,,,,,,,,,,,,,,,,,,,
1/11/2024,2024,Winter,2024,Winter,565378.5918,135712.2808,,,,,,,,,,,,,,,,,,,,,,,
1/12/2024,2024,Winter,2024,Winter,298040.9473,101829.8188,,,,,,,,,,,,,,,,,,,,,,,
1/13/2024,2024,Winter,2024,Winter,449192.1152,107891.4111,,,,,,,,,,,,,,,,,,,,,,,
1/14/2024,2024,Winter,2024,Winter,333411.2676,78009.38525,,,,,,,,,,,,,,,,,,,,,,,
1/15/2024,2024,Winter,2024,Winter,-48018.56836,42650.81299,,,,,,,,,,,,,,,,,,,,,,,
1/16/2024,2024,Winter,2024,Winter,-3699.316406,59072.92188,,,,,,,,,,,,,,,,,,,,,,,
1/17/2024,2024,Winter,2024,Winter,-20311.76172,40514.53857,,,,,,,,,,,,,,,,,,,,,,,
1/18/2024,2024,Winter,2024,Winter,-22091.81641,16123.14014,,,,,,,,,,,,,,,,,,,,,,,
1/19/2024,2024,Winter,2024,Winter,63020.98047,23748.59912,,,,,,,,,,,,,,,,,,,,,,,
1/20/2024,2024,Winter,2024,Winter,19189.48633,-2571.339355,,,,,,,,,,,,,,,,,,,,,,,
1/21/2024,2024,Winter,2024,Winter,-61962.2832,-21914.7749,,,,,,,,,,,,,,,,,,,,,,,
1/22/2024,2024,Winter,2024,Winter,-58985.98633,-14489.27441,,,,,,,,,,,,,,,,,,,,,,,
1/23/2024,2024,Winter,2024,Winter,-30156.50977,5363.980469,,,,,,,,,,,,,,,,,,,,,,,
1/24/2024,2024,Winter,2024,Winter,136491.3184,29396.00977,,,,,,,,,,,,,,,,,,,,,,,
1/25/2024,2024,Winter,2024,Winter,636912.8516,56238.72705,,,,,,,,,,,,,,,,,,,,,,,
1/26/2024,2024,Winter,2024,Winter,783195.7031,84873.39453,,,,,,,,,,,,,,,,,,,,,,,
1/27/2024,2024,Winter,2024,Winter,592156.8398,18144.22656,,,,,,,,,,,,,,,,,,,,,,,
1/28/2024,2024,Winter,2024,Winter,772395.6426,45803.41797,,,,,,,,,,,,,,,,,,,,,,,
1/29/2024,2024,Winter,2024,Winter,1030381.047,2135.852051,,,,,,,,,,,,,,,,,,,,,,,
1/30/2024,2024,Winter,2024,Winter,591081.957,-8725.241211,,,,,,,,,,,,,,,,,,,,,,,
1/31/2024,2024,Winter,2024,Winter,83862.27344,-3052.281738,,,,,,,,,,,,,,,,,,,,,,,
2/1/2024,2024,Winter,2024,Winter,-235318.7383,-10339.56445,,,,,,,,,,,,,,,,,,,,,,,
2/2/2024,2024,Winter,2024,Winter,-325638.8145,1383.398438,,,,,,,,,,,,,,,,,,,,,,,
2/3/2024,2024,Winter,2024,Winter,-514162.6621,-13778.04395,,,,,,,,,,,,,,,,,,,,,,,
2/4/2024,2024,Winter,2024,Winter,-518529.7598,-9797.985352,,,,,,,,,,,,,,,,,,,,,,,
2/5/2024,2024,Winter,2024,Winter,-467908.8301,-7056.579102,,,,,,,,,,,,,,,,,,,,,,,
2/6/2024,2024,Winter,2024,Winter,-461595.5762,-19314.26465,,,,,,,,,,,,,,,,,,,,,,,
2/7/2024,2024,Winter,2024,Winter,-443828.7363,-22299.06934,,,,,,,,,,,,,,,,,,,,,,,
2/8/2024,2024,Winter,2024,Winter,-390726.3828,-19915.49756,,,,,,,,,,,,,,,,,,,,,,,
2/9/2024,2024,Winter,2024,Winter,-257467.8125,-9038.26709,,,,,,,,,,,,,,,,,,,,,,,
2/10/2024,2024,Winter,2024,Winter,-178486.6133,-2518.982422,,,,,,,,,,,,,,,,,,,,,,,
2/11/2024,2024,Winter,2024,Winter,-273509.5234,-12982.35498,,,,,,,,,,,,,,,,,,,,,,,
2/12/2024,2024,Winter,2024,Winter,-147207.2168,-9512.914551,,,,,,,,,,,,,,,,,,,,,,,
2/13/2024,2024,Winter,2024,Winter,-110296.0098,4384.606934,,,,,,,,,,,,,,,,,,,,,,,
2/14/2024,2024,Winter,2024,Winter,-173840.9395,-16167.06396,,,,,,,,,,,,,,,,,,,,,,,
2/15/2024,2024,Winter,2024,Winter,-106572.1211,-5017.927734,,,,,,,,,,,,,,,,,,,,,,,
2/16/2024,2024,Winter,2024,Winter,-95247.03711,-5681.866211,,,,,,,,,,,,,,,,,,,,,,,
2/17/2024,2024,Winter,2024,Winter,-35915.63281,-1275.787109,,,,,,,,,,,,,,,,,,,,,,,
2/18/2024,2024,Winter,2024,Winter,-73033.50195,-8601.277344,,,,,,,,,,,,,,,,,,,,,,,
2/19/2024,2024,Winter,2024,Winter,-59610.5,-5409.397461,,,,,,,,,,,,,,,,,,,,,,,
2/20/2024,2024,Winter,2024,Winter,-82921.86133,-17685.30908,,,,,,,,,,,,,,,,,,,,,,,
2/21/2024,2024,Winter,2024,Winter,-86768.64648,-20348.28369,,,,,,,,,,,,,,,,,,,,,,,
2/22/2024,2024,Winter,2024,Winter,341.9804688,2079.800781,,,,,,,,,,,,,,,,,,,,,,,
2/23/2024,2024,Winter,2024,Winter,125487.6543,24999.04199,,,,,,,,,,,,,,,,,,,,,,,
2/24/2024,2024,Winter,2024,Winter,274883.5723,41107.10645,,,,,,,,,,,,,,,,,,,,,,,
2/25/2024,2024,Winter,2024,Winter,117887.7402,-3238.098633,,,,,,,,,,,,,,,,,,,,,,,
2/26/2024,2024,Winter,2024,Winter,68952.47852,-1227.219727,,,,,,,,,,,,,,,,,,,,,,,
2/27/2024,2024,Winter,2024,Winter,23798.04102,0,,,,,,,,,,,,,,,,,,,,,,,
2/28/2024,2024,Winter,2024,Winter,187079.8164,34085.96973,,,,,,,,,,,,,,,,,,,,,,,
2/29/2024,2024,Winter,2024,Winter,143314.1465,-613.4716797,,,,,,,,,,,,,,,,,,,,,,,
3/1/2024,2024,Winter,2024,Winter,81432.43164,-12273.08154,,,,,,,,,,,,,,,,,,,,,,,
3/2/2024,2024,Winter,2024,Winter,-15933.69922,-9087.552246,,,,,,,,,,,,,,,,,,,,,,,
3/3/2024,2024,Winter,2024,Winter,-105182.4004,-13726.47754,,,,,,,,,,,,,,,,,,,,,,,
3/4/2024,2024,Winter,2024,Winter,-114759.4512,-9735.503906,,,,,,,,,,,,,,,,,,,,,,,
3/5/2024,2024,Winter,2024,Winter,-80855.83984,445.012207,,,,,,,,,,,,,,,,,,,,,,,
3/6/2024,2024,Winter,2024,Winter,355978.8672,75417.69287,,,,,,,,,,,,,,,,,,,,,,,
3/7/2024,2024,Winter,2024,Winter,678849.1855,94249.59277,,,,,,,,,,,,,,,,,,,,,,,
3/8/2024,2024,Winter,2024,Winter,519159.7734,3007.956055,,,,,,,,,,,,,,,,,,,,,,,
3/9/2024,2024,Winter,2024,Winter,556613,22947.23145,,,,,,,,,,,,,,,,,,,,,,,
3/10/2024,2024,Winter,2024,Winter,1154224.268,12709.35498,,,,,,,,,,,,,,,,,,,,,,,
3/11/2024,2024,Winter,2024,Winter,571332.6133,-21273.18115,,,,,,,,,,,,,,,,,,,,,,,
3/12/2024,2024,Winter,2024,Winter,-12242.02148,-9458.024414,,,,,,,,,,,,,,,,,,,,,,,
3/13/2024,2024,Winter,2024,Winter,-290953.3086,-4021.87207,,,,,,,,,,,,,,,,,,,,,,,
3/14/2024,2024,Winter,2024,Winter,-292776.6895,-62387.5,,,,,,,,,,,,,,,,,,,,,,,
3/15/2024,2024,Spring,2024,Winter,35467.96875,38042.44092,,,,,,,,,,,,,,,,,,,,,,,
3/16/2024,2024,Spring,2024,Winter,628038.6367,-1416.351074,,,,,,,,,,,,,,,,,,,,,,,
3/17/2024,2024,Spring,2024,Winter,615241.1797,395.1308594,,,,,,,,,,,,,,,,,,,,,,,
3/18/2024,2024,Spring,2024,Winter,29288.42188,-12822.43311,,,,,,,,,,,,,,,,,,,,,,,
3/19/2024,2024,Spring,2024,Winter,-363127.1777,-14106.79736,,,,,,,,,,,,,,,,,,,,,,,
3/20/2024,2024,Spring,2024,Winter,-357099.6191,9802.273438,,,,,,,,,,,,,,,,,,,,,,,
3/21/2024,2024,Spring,2024,Winter,-570265.5352,-26339.03467,,,,,,,,,,,,,,,,,,,,,,,
3/22/2024,2024,Spring,2024,Winter,-490511.5,-25247.12842,,,,,,,,,,,,,,,,,,,,,,,
3/23/2024,2024,Spring,2024,Winter,-378285.252,-12926.88574,,,,,,,,,,,,,,,,,,,,,,,
3/24/2024,2024,Spring,2024,Winter,-440192.8711,-32764.84375,,,,,,,,,,,,,,,,,,,,,,,
3/25/2024,2024,Spring,2024,Winter,-356264.2109,-23949.24854,,,,,,,,,,,,,,,,,,,,,,,
3/26/2024,2024,Spring,2024,Winter,-247096.5645,-2777.311035,,,,,,,,,,,,,,,,,,,,,,,
3/27/2024,2024,Spring,2024,Winter,-240629.9043,-3366.757813,,,,,,,,,,,,,,,,,,,,,,,
3/28/2024,2024,Spring,2024,Winter,-263241.7441,-17263.47217,,,,,,,,,,,,,,,,,,,,,,,
3/29/2024,2024,Spring,2024,Winter,-165840.5781,-10615.79443,,,,,,,,,,,,,,,,,,,,,,,
3/30/2024,2024,Spring,2024,Winter,-122405.9902,-4070.833008,,,,,,,,,,,,,,,,,,,,,,,
3/31/2024,2024,Spring,2024,Winter,-92335.05469,-3768.416016,,,,,,,,,,,,,,,,,,,,,,,
4/1/2024,2024,Spring,2024,Spring,334904.9629,41384.35254,,,,,,,,,,,,,,,,,,,,,,,
4/2/2024,2024,Spring,2024,Spring,20577080.48,480387.2378,,,,,,,,,,,,,,,,,,,,,,,
4/3/2024,2024,Spring,2024,Spring,6222587.084,4179443.229,,,,,,,,,,,,,,,,,,,,,,,
4/4/2024,2024,Spring,2024,Spring,-4771080.59,-900000,,,,,,,,,,,,,,,,,,,,,,,
4/5/2024,2024,Spring,2024,Spring,-2152316.998,-300000,,,,,,,,,,,,,,,,,,,,,,,
4/6/2024,2024,Spring,2024,Spring,-2475475.424,-300000,,,,,,,,,,,,,,,,,,,,,,,
4/7/2024,2024,Spring,2024,Spring,-1055001.16,-31071.40674,,,,,,,,,,,,,,,,,,,,,,,
4/8/2024,2024,Spring,2024,Spring,-1058076.143,-568517.6826,,,,,,,,,,,,,,,,,,,,,,,
4/9/2024,2024,Spring,2024,Spring,-1258356.984,-512295.3931,,,,,,,,,,,,,,,,,,,,,,,
4/10/2024,2024,Spring,2024,Spring,-1146864.523,-458973.0967,,,,,,,,,,,,,,,,,,,,,,,
4/11/2024,2024,Spring,2024,Spring,573051.1504,1570857.579,,,,,,,,,,,,,,,,,,,,,,,
4/12/2024,2024,Spring,2024,Spring,7585097.52,900000,,,,,,,,,,,,,,,,,,,,,,,
4/13/2024,2024,Spring,2024,Spring,-2659935.502,-900000,,,,,,,,,,,,,,,,,,,,,,,
4/14/2024,2024,Spring,2024,Spring,-1349545.648,-599589.0894,,,,,,,,,,,,,,,,,,,,,,,
4/15/2024,2024,Spring,2024,Spring,-1020657.066,-971268.4897,,,,,,,,,,,,,,,,,,,,,,,
4/16/2024,2024,Spring,2024,Spring,-1331761.949,-408550.7979,,,,,,,,,,,,,,,,,,,,,,,
4/17/2024,2024,Spring,2024,Spring,-996401.2129,-27133.12598,,,,,,,,,,,,,,,,,,,,,,,
4/18/2024,2024,Spring,2024,Spring,-998838.543,-166201.5029,,,,,,,,,,,,,,,,,,,,,,,
4/19/2024,2024,Spring,2024,Spring,-738151.291,-119911.666,,,,,,,,,,,,,,,,,,,,,,,
4/20/2024,2024,Spring,2024,Spring,-897879.2227,-143509.7119,,,,,,,,,,,,,,,,,,,,,,,
4/21/2024,2024,Spring,2024,Spring,-777909.2598,-122258.8887,,,,,,,,,,,,,,,,,,,,,,,
4/22/2024,2024,Spring,2024,Spring,-757349.6523,-111112.8887,,,,,,,,,,,,,,,,,,,,,,,
4/23/2024,2024,Spring,2024,Spring,-643815.0039,-92707.87256,,,,,,,,,,,,,,,,,,,,,,,
4/24/2024,2024,Spring,2024,Spring,-499214.3574,-53940.5625,,,,,,,,,,,,,,,,,,,,,,,
4/25/2024,2024,Spring,2024,Spring,-724917.4316,-17430.13623,,,,,,,,,,,,,,,,,,,,,,,
4/26/2024,2024,Spring,2024,Spring,-674129.5742,-7497.995117,,,,,,,,,,,,,,,,,,,,,,,
4/27/2024,2024,Spring,2024,Spring,-547072.5859,4627.455566,,,,,,,,,,,,,,,,,,,,,,,
4/28/2024,2024,Spring,2024,Spring,-598636.5527,-16654.61963,,,,,,,,,,,,,,,,,,,,,,,
4/29/2024,2024,Spring,2024,Spring,-511598.6758,-910.6352539,,,,,,,,,,,,,,,,,,,,,,,
4/30/2024,2024,Spring,2024,Spring,153175.2383,9090.60791,,,,,,,,,,,,,,,,,,,,,,,
5/1/2024,2024,Spring,2024,Spring,129048.5371,2893.790039,,,,,,,,,,,,,,,,,,,,,,,
5/2/2024,2024,Spring,2024,Spring,2419.423828,-8813.389648,,,,,,,,,,,,,,,,,,,,,,,
5/3/2024,2024,Spring,2024,Spring,-212249.7559,5553.626953,,,,,,,,,,,,,,,,,,,,,,,
5/4/2024,2024,Spring,2024,Spring,-376678.5879,11306.06445,,,,,,,,,,,,,,,,,,,,,,,
5/5/2024,2024,Spring,2024,Spring,-239378.1816,19769.74512,,,,,,,,,,,,,,,,,,,,,,,
5/6/2024,2024,Spring,2024,Spring,-22989.14063,-19659.27441,,,,,,,,,,,,,,,,,,,,,,,
5/7/2024,2024,Spring,2024,Spring,-94736.22266,-257.7558594,,,,,,,,,,,,,,,,,,,,,,,
5/8/2024,2024,Spring,2024,Spring,-36077.80469,15752.89844,,,,,,,,,,,,,,,,,,,,,,,
5/9/2024,2024,Spring,2024,Spring,79731.17578,-10258.48926,,,,,,,,,,,,,,,,,,,,,,,
5/10/2024,2024,Spring,2024,Spring,-58384.85156,-16653.18848,,,,,,,,,,,,,,,,,,,,,,,
5/11/2024,2024,Spring,2024,Spring,-19068.01367,-15884.23242,,,,,,,,,,,,,,,,,,,,,,,
5/12/2024,2024,Spring,2024,Spring,-132207.9395,-14664.8252,,,,,,,,,,,,,,,,,,,,,,,
5/13/2024,2024,Spring,2024,Spring,-294713.5684,-2803.458008,,,,,,,,,,,,,,,,,,,,,,,
5/14/2024,2024,Spring,2024,Spring,-381534.9668,28893.64063,,,,,,,,,,,,,,,,,,,,,,,
5/15/2024,2024,Spring,2024,Spring,-352146.3516,10286.63281,,,,,,,,,,,,,,,,,,,,,,,
5/16/2024,2024,Spring,2024,Spring,-364836.9199,-11490.82324,,,,,,,,,,,,,,,,,,,,,,,
5/17/2024,2024,Spring,2024,Spring,-154834.7852,19806.68457,,,,,,,,,,,,,,,,,,,,,,,
5/18/2024,2024,Spring,2024,Spring,-258655.2813,5836.364258,,,,,,,,,,,,,,,,,,,,,,,
5/19/2024,2024,Spring,2024,Spring,-197824.4707,-3326.794922,,,,,,,,,,,,,,,,,,,,,,,
5/20/2024,2024,Spring,2024,Spring,-58676.04297,39393.71387,,,,,,,,,,,,,,,,,,,,,,,
5/21/2024,2024,Spring,2024,Spring,-137357.2871,22946.49414,,,,,,,,,,,,,,,,,,,,,,,
5/22/2024,2024,Spring,2024,Spring,-281445.3066,-37679.72949,,,,,,,,,,,,,,,,,,,,,,,
5/23/2024,2024,Spring,2024,Spring,-378114.6328,10451.96387,,,,,,,,,,,,,,,,,,,,,,,
5/24/2024,2024,Spring,2024,Spring,-310557.2969,-42239.74316,,,,,,,,,,,,,,,,,,,,,,,
5/25/2024,2024,Spring,2024,Spring,-352219.5566,21409.9624,,,,,,,,,,,,,,,,,,,,,,,
5/26/2024,2024,Spring,2024,Spring,-187526.3555,-11403.84375,,,,,,,,,,,,,,,,,,,,,,,
5/27/2024,2024,Spring,2024,Spring,-217008.3203,-3960.787598,,,,,,,,,,,,,,,,,,,,,,,
5/28/2024,2024,Spring,2024,Spring,-277497.5098,-33287.18848,,,,,,,,,,,,,,,,,,,,,,,
5/29/2024,2024,Spring,2024,Spring,92482.04883,12965.10742,,,,,,,,,,,,,,,,,,,,,,,
5/30/2024,2024,Spring,2024,Spring,-228834.1758,-42133.59375,,,,,,,,,,,,,,,,,,,,,,,
5/31/2024,2024,Spring,2024,Spring,22481.19531,8155.882813,,,,,,,,,,,,,,,,,,,,,,,
6/1/2024,2024,Spring,2024,Spring,-67817.56055,-14533.62012,,,,,,,,,,,,,,,,,,,,,,,
6/2/2024,2024,Spring,2024,Spring,-7399.525391,10654.17139,,,,,,,,,,,,,,,,,,,,,,,
6/3/2024,2024,Spring,2024,Spring,-246076.2637,-15356.61768,,,,,,,,,,,,,,,,,,,,,,,
6/4/2024,2024,Spring,2024,Spring,-106265.5605,-20012.38672,,,,,,,,,,,,,,,,,,,,,,,
6/5/2024,2024,Spring,2024,Spring,-49453.64063,-513.1313477,,,,,,,,,,,,,,,,,,,,,,,
6/6/2024,2024,Spring,2024,Spring,244480.4141,53580.43213,,,,,,,,,,,,,,,,,,,,,,,
6/7/2024,2024,Spring,2024,Spring,531814.7715,59123.03809,,,,,,,,,,,,,,,,,,,,,,,
6/8/2024,2024,Spring,2024,Spring,411347.8008,2334.890625,,,,,,,,,,,,,,,,,,,,,,,
6/9/2024,2024,Spring,2024,Spring,14018.66016,3406.129883,,,,,,,,,,,,,,,,,,,,,,,
6/10/2024,2024,Spring,2024,Spring,-176709.2715,-24759.27686,,,,,,,,,,,,,,,,,,,,,,,
6/11/2024,2024,Spring,2024,Spring,-297857.8105,-57378.57178,,,,,,,,,,,,,,,,,,,,,,,
6/12/2024,2024,Spring,2024,Spring,-292718.8281,-24678.0249,,,,,,,,,,,,,,,,,,,,,,,
6/13/2024,2024,Spring,2024,Spring,-197049.0957,-9872.265625,,,,,,,,,,,,,,,,,,,,,,,
6/14/2024,2024,Spring,2024,Spring,-184671.084,-44141.68701,,,,,,,,,,,,,,,,,,,,,,,
6/15/2024,2024,Summer,2024,Spring,-274504.5059,-3137.235352,,,,,,,,,,,,,,,,,,,,,,,
6/16/2024,2024,Summer,2024,Spring,-150941.5508,-17986.31738,,,,,,,,,,,,,,,,,,,,,,,
6/17/2024,2024,Summer,2024,Spring,-374993.3027,-87123.23779,,,,,,,,,,,,,,,,,,,,,,,
6/18/2024,2024,Summer,2024,Spring,-117359.7129,-111156.9194,,,,,,,,,,,,,,,,,,,,,,,
6/19/2024,2024,Summer,2024,Spring,-105461.8242,-15783.38086,,,,,,,,,,,,,,,,,,,,,,,
6/20/2024,2024,Summer,2024,Spring,-107176.498,-18500.82813,,,,,,,,,,,,,,,,,,,,,,,
6/21/2024,2024,Summer,2024,Spring,-96976.22266,-20249.15723,,,,,,,,,,,,,,,,,,,,,,,
6/22/2024,2024,Summer,2024,Spring,-90329.9668,-23137.37695,,,,,,,,,,,,,,,,,,,,,,,
6/23/2024,2024,Summer,2024,Spring,12969.55469,-3680.004883,,,,,,,,,,,,,,,,,,,,,,,
6/24/2024,2024,Summer,2024,Spring,-29171.39844,-12924.48926,,,,,,,,,,,,,,,,,,,,,,,
6/25/2024,2024,Summer,2024,Spring,-67161.62109,-19836.27686,,,,,,,,,,,,,,,,,,,,,,,
6/26/2024,2024,Summer,2024,Spring,19368.49219,-3166.015137,,,,,,,,,,,,,,,,,,,,,,,
6/27/2024,2024,Summer,2024,Spring,108429.3672,3619.039063,,,,,,,,,,,,,,,,,,,,,,,
6/28/2024,2024,Summer,2024,Spring,198815.3301,-5105.81543,,,,,,,,,,,,,,,,,,,,,,,
6/29/2024,2024,Summer,2024,Spring,182507.7734,10931.47949,,,,,,,,,,,,,,,,,,,,,,,
6/30/2024,2024,Summer,2024,Spring,-44242.18164,-6331.973633,,,,,,,,,,,,,,,,,,,,,,,
7/1/2024,2024,Summer,2024,Summer,-159067.4258,-26662.95605,,,,,,,,,,,,,,,,,,,,,,,
7/2/2024,2024,Summer,2024,Summer,-112542.2109,-25992.47949,,,,,,,,,,,,,,,,,,,,,,,
7/3/2024,2024,Summer,2024,Summer,-56841.68359,-13658.79199,,,,,,,,,,,,,,,,,,,,,,,
7/4/2024,2024,Summer,2024,Summer,-44270.21875,-8401.162109,,,,,,,,,,,,,,,,,,,,,,,
7/5/2024,2024,Summer,2024,Summer,-7216.328125,-2974.643066,,,,,,,,,,,,,,,,,,,,,,,
7/6/2024,2024,Summer,2024,Summer,6088.222656,4490.14502,,,,,,,,,,,,,,,,,,,,,,,
7/7/2024,2024,Summer,2024,Summer,45739.21289,1991.013184,,,,,,,,,,,,,,,,,,,,,,,
7/8/2024,2024,Summer,2024,Summer,1704.708984,-9200.150391,,,,,,,,,,,,,,,,,,,,,,,
7/9/2024,2024,Summer,2024,Summer,-74456.85742,-18971.10107,,,,,,,,,,,,,,,,,,,,,,,
7/10/2024,2024,Summer,2024,Summer,172740.5898,18008.87695,,,,,,,,,,,,,,,,,,,,,,,
7/11/2024,2024,Summer,2024,Summer,529918.2949,22569.54199,,,,,,,,,,,,,,,,,,,,,,,
7/12/2024,2024,Summer,2024,Summer,629265.2285,55024.99219,,,,,,,,,,,,,,,,,,,,,,,
7/13/2024,2024,Summer,2024,Summer,179334.7383,24642.81494,,,,,,,,,,,,,,,,,,,,,,,
7/14/2024,2024,Summer,2024,Summer,-205159.584,-19159.72607,,,,,,,,,,,,,,,,,,,,,,,
7/15/2024,2024,Summer,2024,Summer,-286524.8418,-37869.45996,,,,,,,,,,,,,,,,,,,,,,,
7/16/2024,2024,Summer,2024,Summer,-283647.3574,-10743.14746,,,,,,,,,,,,,,,,,,,,,,,
7/17/2024,2024,Summer,2024,Summer,-231262.4473,-24551.7334,,,,,,,,,,,,,,,,,,,,,,,
7/18/2024,2024,Summer,2024,Summer,-219203.0391,-27122.86768,,,,,,,,,,,,,,,,,,,,,,,
7/19/2024,2024,Summer,2024,Summer,-202929.4648,-34243.14502,,,,,,,,,,,,,,,,,,,,,,,
7/20/2024,2024,Summer,2024,Summer,-150436.8164,-33254.94775,,,,,,,,,,,,,,,,,,,,,,,
7/21/2024,2024,Summer,2024,Summer,-143533.7227,-36064.03271,,,,,,,,,,,,,,,,,,,,,,,
7/22/2024,2024,Summer,2024,Summer,-122495.4141,-35309.43066,,,,,,,,,,,,,,,,,,,,,,,
7/23/2024,2024,Summer,2024,Summer,-108560.5781,-32769.13184,,,,,,,,,,,,,,,,,,,,,,,
7/24/2024,2024,Summer,2024,Summer,-97668.05859,-35836.1875,,,,,,,,,,,,,,,,,,,,,,,
7/25/2024,2024,Summer,2024,Summer,-87573.55273,-36142.44336,,,,,,,,,,,,,,,,,,,,,,,
7/26/2024,2024,Summer,2024,Summer,-96489.11133,-34627.4541,,,,,,,,,,,,,,,,,,,,,,,
7/27/2024,2024,Summer,2024,Summer,-79752.10547,-31682.79492,,,,,,,,,,,,,,,,,,,,,,,
7/28/2024,2024,Summer,2024,Summer,-72172.65039,-29209.05566,,,,,,,,,,,,,,,,,,,,,,,
7/29/2024,2024,Summer,2024,Summer,-54020.62695,-23336.4458,,,,,,,,,,,,,,,,,,,,,,,
7/30/2024,2024,Summer,2024,Summer,17622.55078,-12850.10742,,,,,,,,,,,,,,,,,,,,,,,
7/31/2024,2024,Summer,2024,Summer,-2657.042969,-15697.20752,,,,,,,,,,,,,,,,,,,,,,,
8/1/2024,2024,Summer,2024,Summer,-37984.12695,-12846.02637,,,,,,,,,,,,,,,,,,,,,,,
8/2/2024,2024,Summer,2024,Summer,22356.68164,174.9648438,,,,,,,,,,,,,,,,,,,,,,,
8/3/2024,2024,Summer,2024,Summer,223700.7422,27075.96094,,,,,,,,,,,,,,,,,,,,,,,
8/4/2024,2024,Summer,2024,Summer,264116.9863,34901.62061,,,,,,,,,,,,,,,,,,,,,,,
8/5/2024,2024,Summer,2024,Summer,26912.83789,17805.83545,,,,,,,,,,,,,,,,,,,,,,,
8/6/2024,2024,Summer,2024,Summer,-42706.82227,-2814.342773,,,,,,,,,,,,,,,,,,,,,,,
8/7/2024,2024,Summer,2024,Summer,167696.7207,25475.71973,,,,,,,,,,,,,,,,,,,,,,,
8/8/2024,2024,Summer,2024,Summer,88678.66406,63514.16895,,,,,,,,,,,,,,,,,,,,,,,
8/9/2024,2024,Summer,2024,Summer,138194.8594,83262.72266,,,,,,,,,,,,,,,,,,,,,,,
8/10/2024,2024,Summer,2024,Summer,-34905.28906,48778.25684,,,,,,,,,,,,,,,,,,,,,,,
8/11/2024,2024,Summer,2024,Summer,-119553.707,236.5415039,,,,,,,,,,,,,,,,,,,,,,,
8/12/2024,2024,Summer,2024,Summer,-158051.5977,-40347.56055,,,,,,,,,,,,,,,,,,,,,,,
8/13/2024,2024,Summer,2024,Summer,-145497.8281,-58280.65234,,,,,,,,,,,,,,,,,,,,,,,
8/14/2024,2024,Summer,2024,Summer,-145539.9727,-60174.53613,,,,,,,,,,,,,,,,,,,,,,,
8/15/2024,2024,Summer,2024,Summer,-128223.9063,-54293.66064,,,,,,,,,,,,,,,,,,,,,,,
8/16/2024,2024,Summer,2024,Summer,-81669.20898,-39669.55469,,,,,,,,,,,,,,,,,,,,,,,
8/17/2024,2024,Summer,2024,Summer,-71837.5,-30865.7373,,,,,,,,,,,,,,,,,,,,,,,
8/18/2024,2024,Summer,2024,Summer,-38923.2793,-21536.04932,,,,,,,,,,,,,,,,,,,,,,,
8/19/2024,2024,Summer,2024,Summer,-10262.70703,-7621.901855,,,,,,,,,,,,,,,,,,,,,,,
8/20/2024,2024,Summer,2024,Summer,-27318.00977,-1350.762695,,,,,,,,,,,,,,,,,,,,,,,
8/21/2024,2024,Summer,2024,Summer,-59274.75,-12279.66992,,,,,,,,,,,,,,,,,,,,,,,
8/22/2024,2024,Summer,2024,Summer,-34250.58984,-4819.010742,,,,,,,,,,,,,,,,,,,,,,,
8/23/2024,2024,Summer,2024,Summer,-42894.19336,-1623.282227,,,,,,,,,,,,,,,,,,,,,,,
8/24/2024,2024,Summer,2024,Summer,-41409.88477,-1155.749023,,,,,,,,,,,,,,,,,,,,,,,
8/25/2024,2024,Summer,2024,Summer,-36693.9043,-693.5478516,,,,,,,,,,,,,,,,,,,,,,,
8/26/2024,2024,Summer,2024,Summer,-40840.35742,-1871.193848,,,,,,,,,,,,,,,,,,,,,,,
8/27/2024,2024,Summer,2024,Summer,-40446.58398,-1063.956543,,,,,,,,,,,,,,,,,,,,,,,
8/28/2024,2024,Summer,2024,Summer,-25198.24219,-397.9926758,,,,,,,,,,,,,,,,,,,,,,,
8/29/2024,2024,Summer,2024,Summer,-35376.92773,-1630.51709,,,,,,,,,,,,,,,,,,,,,,,
8/30/2024,2024,Summer,2024,Summer,-31094.30078,-1271.60498,,,,,,,,,,,,,,,,,,,,,,,
8/31/2024,2024,Summer,2024,Summer,-17900.95508,-1929.535645,,,,,,,,,,,,,,,,,,,,,,,
9/1/2024,2024,Summer,2024,Summer,-8499.980469,119.5351563,,,,,,,,,,,,,,,,,,,,,,,
9/2/2024,2024,Summer,2024,Summer,-34817.73047,-1225.583984,,,,,,,,,,,,,,,,,,,,,,,
9/3/2024,2024,Summer,2024,Summer,-35417.91211,-3089.092285,,,,,,,,,,,,,,,,,,,,,,,
9/4/2024,2024,Summer,2024,Summer,-5033.277344,-288.8671875,,,,,,,,,,,,,,,,,,,,,,,
9/5/2024,2024,Summer,2024,Summer,-14649.59375,-1599.373535,,,,,,,,,,,,,,,,,,,,,,,
9/6/2024,2024,Summer,2024,Summer,4849.550781,0,,,,,,,,,,,,,,,,,,,,,,,
9/7/2024,2024,Summer,2024,Summer,-26065.45508,-700.8032227,,,,,,,,,,,,,,,,,,,,,,,
9/8/2024,2024,Summer,2024,Summer,-21422.46484,-794.206543,,,,,,,,,,,,,,,,,,,,,,,
9/9/2024,2024,Summer,2024,Summer,-4464.583984,-517.6396484,,,,,,,,,,,,,,,,,,,,,,,
9/10/2024,2024,Summer,2024,Summer,5276.902344,-632.5107422,,,,,,,,,,,,,,,,,,,,,,,
9/11/2024,2024,Summer,2024,Summer,-6899.068359,-599.5253906,,,,,,,,,,,,,,,,,,,,,,,
9/12/2024,2024,Summer,2024,Summer,-20217.78516,-419.9306641,,,,,,,,,,,,,,,,,,,,,,,
9/13/2024,2024,Summer,2024,Summer,-16898.22656,-419.2783203,,,,,,,,,,,,,,,,,,,,,,,
9/14/2024,2024,Summer,2024,Summer,-19058.03516,-1180.949707,,,,,,,,,,,,,,,,,,,,,,,
9/15/2024,2024,Fall,2024,Summer,-17369.74414,-1186.151855,,,,,,,,,,,,,,,,,,,,,,,
9/16/2024,2024,Fall,2024,Summer,-28818.27344,-1707.479492,,,,,,,,,,,,,,,,,,,,,,,
9/17/2024,2024,Fall,2024,Summer,-40224.59961,-618.1748047,,,,,,,,,,,,,,,,,,,,,,,
9/18/2024,2024,Fall,2024,Summer,-27569.63086,-298.2636719,,,,,,,,,,,,,,,,,,,,,,,
9/19/2024,2024,Fall,2024,Summer,-17207.49805,-1332.882813,,,,,,,,,,,,,,,,,,,,,,,
9/20/2024,2024,Fall,2024,Summer,-14593.76172,-592.4775391,,,,,,,,,,,,,,,,,,,,,,,
9/21/2024,2024,Fall,2024,Summer,-229.9316406,-1373.814453,,,,,,,,,,,,,,,,,,,,,,,
9/22/2024,2024,Fall,2024,Summer,-13538.71094,1486.076172,,,,,,,,,,,,,,,,,,,,,,,
9/23/2024,2024,Fall,2024,Summer,78757.63477,14720.47461,,,,,,,,,,,,,,,,,,,,,,,
9/24/2024,2024,Fall,2024,Summer,101137.3145,13910.90625,,,,,,,,,,,,,,,,,,,,,,,
9/25/2024,2024,Fall,2024,Summer,107378.0605,3067.452637,,,,,,,,,,,,,,,,,,,,,,,
9/26/2024,2024,Fall,2024,Summer,-6357.580078,-2320.473145,,,,,,,,,,,,,,,,,,,,,,,
9/27/2024,2024,Fall,2024,Summer,73706.61328,1841.291016,,,,,,,,,,,,,,,,,,,,,,,
9/28/2024,2024,Fall,2024,Summer,105717.584,11.40039063,,,,,,,,,,,,,,,,,,,,,,,
9/29/2024,2024,Fall,2024,Summer,-24352.21484,833.375,,,,,,,,,,,,,,,,,,,,,,,
9/30/2024,2024,Fall,2024,Summer,-29662.14258,263.0380859,,,,,,,,,,,,,,,,,,,,,,,
10/1/2024,2024,Fall,2025,Fall,-31896.5957,-57.20117188,,,,,,,,,,,,,,,,,,,,,,,
10/2/2024,2024,Fall,2025,Fall,-50290.97656,-411.5371094,,,,,,,,,,,,,,,,,,,,,,,
10/3/2024,2024,Fall,2025,Fall,-43799.70508,789.2612305,,,,,,,,,,,,,,,,,,,,,,,
10/4/2024,2024,Fall,2025,Fall,-42571.58594,-1234.472168,,,,,,,,,,,,,,,,,,,,,,,
10/5/2024,2024,Fall,2025,Fall,-51119.08398,-3042.012695,,,,,,,,,,,,,,,,,,,,,,,
10/6/2024,2024,Fall,2025,Fall,-33957.35352,-1217.325195,,,,,,,,,,,,,,,,,,,,,,,
10/7/2024,2024,Fall,2025,Fall,-45864.8125,-2564.966797,,,,,,,,,,,,,,,,,,,,,,,
10/8/2024,2024,Fall,2025,Fall,-32359.93164,-968.7021484,,,,,,,,,,,,,,,,,,,,,,,
10/9/2024,2024,Fall,2025,Fall,-15176.47852,389.3261719,,,,,,,,,,,,,,,,,,,,,,,
10/10/2024,2024,Fall,2025,Fall,-9229.34375,-600.4604492,,,,,,,,,,,,,,,,,,,,,,,
10/11/2024,2024,Fall,2025,Fall,-16998.5,-798.7192383,,,,,,,,,,,,,,,,,,,,,,,
10/12/2024,2024,Fall,2025,Fall,-6006.775391,-287.8945313,,,,,,,,,,,,,,,,,,,,,,,
10/13/2024,2024,Fall,2025,Fall,307.7851563,-1435.242188,,,,,,,,,,,,,,,,,,,,,,,
10/14/2024,2024,Fall,2025,Fall,-10295.88672,-2128.74707,,,,,,,,,,,,,,,,,,,,,,,
10/15/2024,2024,Fall,2025,Fall,2609.472656,-393.3056641,,,,,,,,,,,,,,,,,,,,,,,
10/16/2024,2024,Fall,2025,Fall,-3836.775391,-10.91845703,,,,,,,,,,,,,,,,,,,,,,,
10/17/2024,2024,Fall,2025,Fall,5833.59375,-414.5571289,,,,,,,,,,,,,,,,,,,,,,,
10/18/2024,2024,Fall,2025,Fall,5920.453125,272.6679688,,,,,,,,,,,,,,,,,,,,,,,
10/19/2024,2024,Fall,2025,Fall,-4306.791016,-1621.274414,,,,,,,,,,,,,,,,,,,,,,,
10/20/2024,2024,Fall,2025,Fall,-6450.107422,-617.7919922,,,,,,,,,,,,,,,,,,,,,,,
10/21/2024,2024,Fall,2025,Fall,690.5039063,552.6977539,,,,,,,,,,,,,,,,,,,,,,,
10/22/2024,2024,Fall,2025,Fall,-9883.974609,-1050.287109,,,,,,,,,,,,,,,,,,,,,,,
10/23/2024,2024,Fall,2025,Fall,12109.87695,1289.036621,,,,,,,,,,,,,,,,,,,,,,,
10/24/2024,2024,Fall,2025,Fall,-28215.32813,-3098.90918,,,,,,,,,,,,,,,,,,,,,,,
10/25/2024,2024,Fall,2025,Fall,24761.95898,2253.334473,,,,,,,,,,,,,,,,,,,,,,,
10/26/2024,2024,Fall,2025,Fall,-20571.1875,-918.6010742,,,,,,,,,,,,,,,,,,,,,,,
10/27/2024,2024,Fall,2025,Fall,-24840.17773,-2149.668945,,,,,,,,,,,,,,,,,,,,,,,
10/28/2024,2024,Fall,2025,Fall,4316.820313,439.3408203,,,,,,,,,,,,,,,,,,,,,,,
10/29/2024,2024,Fall,2025,Fall,38947.53125,2726.367188,,,,,,,,,,,,,,,,,,,,,,,
10/30/2024,2024,Fall,2025,Fall,-5973.884766,-2092.931641,,,,,,,,,,,,,,,,,,,,,,,
10/31/2024,2024,Fall,2025,Fall,4441.128906,-547.6298828,,,,,,,,,,,,,,,,,,,,,,,
11/1/2024,2024,Fall,2025,Fall,-4900.226563,-32.1796875,,,,,,,,,,,,,,,,,,,,,,,
11/2/2024,2024,Fall,2025,Fall,-19683.00781,-1987.95459,,,,,,,,,,,,,,,,,,,,,,,
11/3/2024,2024,Fall,2025,Fall,-3801.388672,191.7631836,,,,,,,,,,,,,,,,,,,,,,,
11/4/2024,2024,Fall,2025,Fall,24785.33398,1656.785156,,,,,,,,,,,,,,,,,,,,,,,
11/5/2024,2024,Fall,2025,Fall,4672.146484,-642.5058594,,,,,,,,,,,,,,,,,,,,,,,
11/6/2024,2024,Fall,2025,Fall,57109.30859,15944.81396,,,,,,,,,,,,,,,,,,,,,,,
11/7/2024,2024,Fall,2025,Fall,-2959.533203,-1105.310547,,,,,,,,,,,,,,,,,,,,,,,
11/8/2024,2024,Fall,2025,Fall,12478.03516,585.987793,,,,,,,,,,,,,,,,,,,,,,,
11/9/2024,2024,Fall,2025,Fall,-7881.904297,-777.3139648,,,,,,,,,,,,,,,,,,,,,,,
11/10/2024,2024,Fall,2025,Fall,52615.76367,3735.740723,,,,,,,,,,,,,,,,,,,,,,,
11/11/2024,2024,Fall,2025,Fall,36256,-250.4794922,,,,,,,,,,,,,,,,,,,,,,,
11/12/2024,2024,Fall,2025,Fall,-27067.32227,-1838.143555,,,,,,,,,,,,,,,,,,,,,,,
11/13/2024,2024,Fall,2025,Fall,-44691.65625,-4134.470703,,,,,,,,,,,,,,,,,,,,,,,
11/14/2024,2024,Fall,2025,Fall,105877.0723,9325.360352,,,,,,,,,,,,,,,,,,,,,,,
11/15/2024,2024,Fall,2025,Fall,18352.76367,-678.0537109,,,,,,,,,,,,,,,,,,,,,,,
11/16/2024,2024,Fall,2025,Fall,-18110.80664,-2765.725586,,,,,,,,,,,,,,,,,,,,,,,
11/17/2024,2024,Fall,2025,Fall,-9263.759766,-534.2709961,,,,,,,,,,,,,,,,,,,,,,,
11/18/2024,2024,Fall,2025,Fall,-18538.10352,477.3901367,,,,,,,,,,,,,,,,,,,,,,,
11/19/2024,2024,Fall,2025,Fall,-12626.02344,1596.685059,,,,,,,,,,,,,,,,,,,,,,,
11/20/2024,2024,Fall,2025,Fall,-26151.19336,-673.8999023,,,,,,,,,,,,,,,,,,,,,,,
11/21/2024,2024,Fall,2025,Fall,-18327.76953,-1332.022461,,,,,,,,,,,,,,,,,,,,,,,
11/22/2024,2024,Fall,2025,Fall,-2678.115234,2440.740723,,,,,,,,,,,,,,,,,,,,,,,
11/23/2024,2024,Fall,2025,Fall,866.2304688,550.1181641,,,,,,,,,,,,,,,,,,,,,,,
11/24/2024,2024,Fall,2025,Fall,-19243.63086,-2831.775879,,,,,,,,,,,,,,,,,,,,,,,
11/25/2024,2024,Fall,2025,Fall,-548.2890625,1618.233398,,,,,,,,,,,,,,,,,,,,,,,
11/26/2024,2024,Fall,2025,Fall,32573.4375,137.1430664,,,,,,,,,,,,,,,,,,,,,,,
11/27/2024,2024,Fall,2025,Fall,-30536.50391,-3104.938477,,,,,,,,,,,,,,,,,,,,,,,
11/28/2024,2024,Fall,2025,Fall,131754.2422,-1439.47168,,,,,,,,,,,,,,,,,,,,,,,
11/29/2024,2024,Fall,2025,Fall,3251.300781,0,,,,,,,,,,,,,,,,,,,,,,,
11/30/2024,2024,Fall,2025,Fall,11075.49414,0,,,,,,,,,,,,,,,,,,,,,,,
12/1/2024,2024,Fall,2025,Fall,11762.53516,0,,,,,,,,,,,,,,,,,,,,,,,
12/2/2024,2024,Fall,2025,Fall,-22756.71289,0,,,,,,,,,,,,,,,,,,,,,,,
12/3/2024,2024,Fall,2025,Fall,-33999.11328,0,,,,,,,,,,,,,,,,,,,,,,,
12/4/2024,2024,Fall,2025,Fall,-50419.26953,0,,,,,,,,,,,,,,,,,,,,,,,
12/5/2024,2024,Fall,2025,Fall,52434.35938,0,,,,,,,,,,,,,,,,,,,,,,,
12/6/2024,2024,Fall,2025,Fall,-67741.72461,0,,,,,,,,,,,,,,,,,,,,,,,
12/7/2024,2024,Fall,2025,Fall,-34890.88281,0,,,,,,,,,,,,,,,,,,,,,,,
12/8/2024,2024,Fall,2025,Fall,13191.70117,0,,,,,,,,,,,,,,,,,,,,,,,
12/9/2024,2024,Fall,2025,Fall,59809.3457,0,,,,,,,,,,,,,,,,,,,,,,,
12/10/2024,2024,Fall,2025,Fall,-5407.958984,0,,,,,,,,,,,,,,,,,,,,,,,
